{
    "saveTime": "2025-10-28 16:01:33",
    "objectCount": 7,
    "objects": [
        {
            "prefabID": "Wall",
            "position": {
                "x": 19.795812606811525,
                "y": 136.06546020507813,
                "z": -27.768836975097658
            },
            "rotation": {
                "x": 0.0,
                "y": 0.38083839416503909,
                "z": 0.0,
                "w": 0.9246416091918945
            },
            "scale": {
                "x": 22.705984115600587,
                "y": 8.346179008483887,
                "z": 1.0
            },
            "objectName": "Wall(Clone)",
            "customData": "{\"keys\":[\"TransformSavable\"],\"jsonValues\":[\"{\\\"position\\\":{\\\"x\\\":19.795812606811525,\\\"y\\\":136.06546020507813,\\\"z\\\":-27.768836975097658},\\\"rotation\\\":{\\\"x\\\":0.0,\\\"y\\\":0.38083839416503909,\\\"z\\\":0.0,\\\"w\\\":0.9246416091918945},\\\"scale\\\":{\\\"x\\\":22.705984115600587,\\\"y\\\":8.346179008483887,\\\"z\\\":1.0}}\"]}"
        },
        {
            "prefabID": "DeathTrigger",
            "position": {
                "x": 4.10009241104126,
                "y": 149.23670959472657,
                "z": -41.704952239990237
            },
            "rotation": {
                "x": 0.0,
                "y": 0.18925753235816956,
                "z": 0.0,
                "w": 0.9819275140762329
            },
            "scale": {
                "x": 6.458899974822998,
                "y": 3.7547523975372316,
                "z": 6.458899974822998
            },
            "objectName": "DeathTrigger(Clone)",
            "customData": "{\"keys\":[\"TransformSavable\"],\"jsonValues\":[\"{\\\"position\\\":{\\\"x\\\":4.10009241104126,\\\"y\\\":149.23670959472657,\\\"z\\\":-41.704952239990237},\\\"rotation\\\":{\\\"x\\\":0.0,\\\"y\\\":0.18925753235816956,\\\"z\\\":0.0,\\\"w\\\":0.9819275140762329},\\\"scale\\\":{\\\"x\\\":6.458899974822998,\\\"y\\\":3.7547523975372316,\\\"z\\\":6.458899974822998}}\"]}"
        },
        {
            "prefabID": "VRPlayer",
            "position": {
                "x": 66.9000015258789,
                "y": 8.619999885559082,
                "z": -58.099998474121097
            },
            "rotation": {
                "x": 0.0,
                "y": 0.9698354005813599,
                "z": 0.0,
                "w": -0.24376073479652406
            },
            "scale": {
                "x": 1.0,
                "y": 1.0,
                "z": 1.0
            },
            "objectName": "VRPlayer",
            "customData": "{\"keys\":[\"VRPlayerSavable\"],\"jsonValues\":[\"{\\\"position\\\":{\\\"x\\\":66.9000015258789,\\\"y\\\":8.619999885559082,\\\"z\\\":-58.099998474121097},\\\"rotation\\\":{\\\"x\\\":0.0,\\\"y\\\":0.9698354005813599,\\\"z\\\":0.0,\\\"w\\\":-0.24376073479652406},\\\"scale\\\":{\\\"x\\\":1.0,\\\"y\\\":1.0,\\\"z\\\":1.0}}\"]}"
        },
        {
            "prefabID": "CheckPoint",
            "position": {
                "x": 7.794116497039795,
                "y": 147.35728454589845,
                "z": -43.125328063964847
            },
            "rotation": {
                "x": 0.0,
                "y": 0.21964313089847566,
                "z": 0.0,
                "w": 0.9755802750587463
            },
            "scale": {
                "x": 7.335953712463379,
                "y": 7.335953712463379,
                "z": 7.335953712463379
            },
            "objectName": "CheckPoint(Clone)",
            "customData": "{\"keys\":[\"TransformSavable\"],\"jsonValues\":[\"{\\\"position\\\":{\\\"x\\\":7.794116497039795,\\\"y\\\":147.35728454589845,\\\"z\\\":-43.125328063964847},\\\"rotation\\\":{\\\"x\\\":0.0,\\\"y\\\":0.21964313089847566,\\\"z\\\":0.0,\\\"w\\\":0.9755802750587463},\\\"scale\\\":{\\\"x\\\":7.335953712463379,\\\"y\\\":7.335953712463379,\\\"z\\\":7.335953712463379}}\"]}"
        },
        {
            "prefabID": "Wall",
            "position": {
                "x": 12.724335670471192,
                "y": 143.25607299804688,
                "z": -14.903447151184082
            },
            "rotation": {
                "x": 0.0,
                "y": 0.5418626070022583,
                "z": 0.0,
                "w": 0.840467095375061
            },
            "scale": {
                "x": 22.705984115600587,
                "y": 8.346179008483887,
                "z": 1.0
            },
            "objectName": "Wall(Clone)",
            "customData": "{\"keys\":[\"TransformSavable\"],\"jsonValues\":[\"{\\\"position\\\":{\\\"x\\\":12.724335670471192,\\\"y\\\":143.25607299804688,\\\"z\\\":-14.903447151184082},\\\"rotation\\\":{\\\"x\\\":0.0,\\\"y\\\":0.5418626070022583,\\\"z\\\":0.0,\\\"w\\\":0.840467095375061},\\\"scale\\\":{\\\"x\\\":22.705984115600587,\\\"y\\\":8.346179008483887,\\\"z\\\":1.0}}\"]}"
        },
        {
            "prefabID": "Plane",
            "position": {
                "x": 16.05664825439453,
                "y": 150.04611206054688,
                "z": -22.32131004333496
            },
            "rotation": {
                "x": 0.0,
                "y": 0.4142207205295563,
                "z": 0.0,
                "w": 0.9101765155792236
            },
            "scale": {
                "x": 11.834198951721192,
                "y": 0.7623540759086609,
                "z": 11.79063892364502
            },
            "objectName": "Plane(Clone)",
            "customData": "{\"keys\":[\"TransformSavable\"],\"jsonValues\":[\"{\\\"position\\\":{\\\"x\\\":16.05664825439453,\\\"y\\\":150.04611206054688,\\\"z\\\":-22.32131004333496},\\\"rotation\\\":{\\\"x\\\":0.0,\\\"y\\\":0.4142207205295563,\\\"z\\\":0.0,\\\"w\\\":0.9101765155792236},\\\"scale\\\":{\\\"x\\\":11.834198951721192,\\\"y\\\":0.7623540759086609,\\\"z\\\":11.79063892364502}}\"]}"
        },
        {
            "prefabID": "VRPlayer",
            "position": {
                "x": 23.624122619628908,
                "y": 123.3843002319336,
                "z": -39.1734504699707
            },
            "rotation": {
                "x": 0.0,
                "y": 0.258819043636322,
                "z": 0.0,
                "w": 0.9659258127212524
            },
            "scale": {
                "x": 1.0,
                "y": 1.0,
                "z": 1.0
            },
            "objectName": "VRPlayer(Clone)",
            "customData": "{\"keys\":[\"VRPlayerSavable\"],\"jsonValues\":[\"{\\\"position\\\":{\\\"x\\\":23.624122619628908,\\\"y\\\":123.3843002319336,\\\"z\\\":-39.1734504699707},\\\"rotation\\\":{\\\"x\\\":0.0,\\\"y\\\":0.258819043636322,\\\"z\\\":0.0,\\\"w\\\":0.9659258127212524},\\\"scale\\\":{\\\"x\\\":1.0,\\\"y\\\":1.0,\\\"z\\\":1.0}}\"]}"
        }
    ]
}