{
    "saveTime": "2025-10-28 11:54:47",
    "objectCount": 4,
    "objects": [
        {
            "prefabID": "VRPlayer",
            "position": {
                "x": 23.624122619628908,
                "y": 123.3843002319336,
                "z": -39.1734504699707
            },
            "rotation": {
                "x": 0.0,
                "y": 0.0,
                "z": 0.0,
                "w": 1.0
            },
            "scale": {
                "x": 1.0,
                "y": 1.0,
                "z": 1.0
            },
            "objectName": "VRPlayer(Clone)",
            "customData": "{\"keys\":[\"VRPlayerSavable\"],\"jsonValues\":[\"{\\\"position\\\":{\\\"x\\\":23.624122619628908,\\\"y\\\":123.3843002319336,\\\"z\\\":-39.1734504699707},\\\"rotation\\\":{\\\"x\\\":0.0,\\\"y\\\":0.0,\\\"z\\\":0.0,\\\"w\\\":1.0},\\\"scale\\\":{\\\"x\\\":1.0,\\\"y\\\":1.0,\\\"z\\\":1.0}}\"]}"
        },
        {
            "prefabID": "VRPlayer",
            "position": {
                "x": 66.9000015258789,
                "y": 8.619999885559082,
                "z": -58.099998474121097
            },
            "rotation": {
                "x": 0.0,
                "y": 0.999879002571106,
                "z": 0.0,
                "w": 0.015557094477117062
            },
            "scale": {
                "x": 1.0,
                "y": 1.0,
                "z": 1.0
            },
            "objectName": "VRPlayer",
            "customData": "{\"keys\":[\"VRPlayerSavable\"],\"jsonValues\":[\"{\\\"position\\\":{\\\"x\\\":66.9000015258789,\\\"y\\\":8.619999885559082,\\\"z\\\":-58.099998474121097},\\\"rotation\\\":{\\\"x\\\":0.0,\\\"y\\\":0.999879002571106,\\\"z\\\":0.0,\\\"w\\\":0.015557094477117062},\\\"scale\\\":{\\\"x\\\":1.0,\\\"y\\\":1.0,\\\"z\\\":1.0}}\"]}"
        },
        {
            "prefabID": "CheckPoint",
            "position": {
                "x": 7.794116497039795,
                "y": 147.35728454589845,
                "z": -43.125328063964847
            },
            "rotation": {
                "x": 0.0,
                "y": 0.21964313089847566,
                "z": 0.0,
                "w": 0.9755802750587463
            },
            "scale": {
                "x": 7.335953712463379,
                "y": 7.335953712463379,
                "z": 7.335953712463379
            },
            "objectName": "CheckPoint(Clone)",
            "customData": "{\"keys\":[\"TransformSavable\"],\"jsonValues\":[\"{\\\"position\\\":{\\\"x\\\":7.794116497039795,\\\"y\\\":147.35728454589845,\\\"z\\\":-43.125328063964847},\\\"rotation\\\":{\\\"x\\\":0.0,\\\"y\\\":0.21964313089847566,\\\"z\\\":0.0,\\\"w\\\":0.9755802750587463},\\\"scale\\\":{\\\"x\\\":7.335953712463379,\\\"y\\\":7.335953712463379,\\\"z\\\":7.335953712463379}}\"]}"
        },
        {
            "prefabID": "DeathTrigger",
            "position": {
                "x": 4.10009241104126,
                "y": 149.23670959472657,
                "z": -41.704952239990237
            },
            "rotation": {
                "x": 0.0,
                "y": 0.18925753235816956,
                "z": 0.0,
                "w": 0.9819275140762329
            },
            "scale": {
                "x": 6.458899974822998,
                "y": 3.7547523975372316,
                "z": 6.458899974822998
            },
            "objectName": "DeathTrigger(Clone)",
            "customData": "{\"keys\":[\"TransformSavable\"],\"jsonValues\":[\"{\\\"position\\\":{\\\"x\\\":4.10009241104126,\\\"y\\\":149.23670959472657,\\\"z\\\":-41.704952239990237},\\\"rotation\\\":{\\\"x\\\":0.0,\\\"y\\\":0.18925753235816956,\\\"z\\\":0.0,\\\"w\\\":0.9819275140762329},\\\"scale\\\":{\\\"x\\\":6.458899974822998,\\\"y\\\":3.7547523975372316,\\\"z\\\":6.458899974822998}}\"]}"
        }
    ]
}