{
    "saveTime": "2025-10-28 11:56:18",
    "objectCount": 4,
    "objects": [
        {
            "prefabID": "DeathTrigger",
            "position": {
                "x": 8.92827033996582,
                "y": 148.14077758789063,
                "z": -44.104007720947269
            },
            "rotation": {
                "x": 0.0,
                "y": 0.21443895995616914,
                "z": 0.0,
                "w": 0.976737380027771
            },
            "scale": {
                "x": 6.458899974822998,
                "y": 3.7547523975372316,
                "z": 6.458899974822998
            },
            "objectName": "DeathTrigger(Clone)",
            "customData": "{\"keys\":[\"TransformSavable\"],\"jsonValues\":[\"{\\\"position\\\":{\\\"x\\\":8.92827033996582,\\\"y\\\":148.14077758789063,\\\"z\\\":-44.104007720947269},\\\"rotation\\\":{\\\"x\\\":0.0,\\\"y\\\":0.21443895995616914,\\\"z\\\":0.0,\\\"w\\\":0.976737380027771},\\\"scale\\\":{\\\"x\\\":6.458899974822998,\\\"y\\\":3.7547523975372316,\\\"z\\\":6.458899974822998}}\"]}"
        },
        {
            "prefabID": "DeathTrigger",
            "position": {
                "x": 24.29590606689453,
                "y": 143.02732849121095,
                "z": -37.69812774658203
            },
            "rotation": {
                "x": 0.0,
                "y": 0.09157905727624893,
                "z": 0.0,
                "w": 0.9957978129386902
            },
            "scale": {
                "x": 6.458899974822998,
                "y": 3.7547523975372316,
                "z": 6.458899974822998
            },
            "objectName": "DeathTrigger(Clone)",
            "customData": "{\"keys\":[\"TransformSavable\"],\"jsonValues\":[\"{\\\"position\\\":{\\\"x\\\":24.29590606689453,\\\"y\\\":143.02732849121095,\\\"z\\\":-37.69812774658203},\\\"rotation\\\":{\\\"x\\\":0.0,\\\"y\\\":0.09157905727624893,\\\"z\\\":0.0,\\\"w\\\":0.9957978129386902},\\\"scale\\\":{\\\"x\\\":6.458899974822998,\\\"y\\\":3.7547523975372316,\\\"z\\\":6.458899974822998}}\"]}"
        },
        {
            "prefabID": "VRPlayer",
            "position": {
                "x": 66.9000015258789,
                "y": 8.619999885559082,
                "z": -58.099998474121097
            },
            "rotation": {
                "x": 0.0,
                "y": 0.999879002571106,
                "z": 0.0,
                "w": 0.01555712427943945
            },
            "scale": {
                "x": 1.0,
                "y": 1.0,
                "z": 1.0
            },
            "objectName": "VRPlayer",
            "customData": "{\"keys\":[\"VRPlayerSavable\"],\"jsonValues\":[\"{\\\"position\\\":{\\\"x\\\":66.9000015258789,\\\"y\\\":8.619999885559082,\\\"z\\\":-58.099998474121097},\\\"rotation\\\":{\\\"x\\\":0.0,\\\"y\\\":0.999879002571106,\\\"z\\\":0.0,\\\"w\\\":0.01555712427943945},\\\"scale\\\":{\\\"x\\\":1.0,\\\"y\\\":1.0,\\\"z\\\":1.0}}\"]}"
        },
        {
            "prefabID": "VRPlayer",
            "position": {
                "x": 14.776540756225586,
                "y": 138.72927856445313,
                "z": -41.79669189453125
            },
            "rotation": {
                "x": 0.0,
                "y": 0.10462388396263123,
                "z": 0.0,
                "w": 0.9945119023323059
            },
            "scale": {
                "x": 1.0,
                "y": 1.0,
                "z": 1.0
            },
            "objectName": "VRPlayer(Clone)",
            "customData": "{\"keys\":[\"VRPlayerSavable\"],\"jsonValues\":[\"{\\\"position\\\":{\\\"x\\\":14.776540756225586,\\\"y\\\":138.72927856445313,\\\"z\\\":-41.79669189453125},\\\"rotation\\\":{\\\"x\\\":0.0,\\\"y\\\":0.10462388396263123,\\\"z\\\":0.0,\\\"w\\\":0.9945119023323059},\\\"scale\\\":{\\\"x\\\":1.0,\\\"y\\\":1.0,\\\"z\\\":1.0}}\"]}"
        }
    ]
}