{
    "saveTime": "2025-10-27 16:23:41",
    "objectCount": 8,
    "objects": [
        {
            "prefabID": "Enemy",
            "position": {
                "x": 257.53997802734377,
                "y": 20.100000381469728,
                "z": -263.1000061035156
            },
            "rotation": {
                "x": 0.0,
                "y": 0.0,
                "z": 0.0,
                "w": 1.0
            },
            "scale": {
                "x": 1.0,
                "y": 1.0,
                "z": 1.0
            },
            "objectName": "Enemy",
            "customData": "{\"keys\":[\"EnemySavable\"],\"jsonValues\":[\"{\\\"checkBoxPosition\\\":{\\\"x\\\":255.33229064941407,\\\"y\\\":23.0,\\\"z\\\":-237.69190979003907},\\\"checkBoxRotation\\\":{\\\"x\\\":0.0,\\\"y\\\":0.0,\\\"z\\\":0.0,\\\"w\\\":1.0},\\\"checkBoxScale\\\":{\\\"x\\\":12.67297077178955,\\\"y\\\":7.723999977111816,\\\"z\\\":14.78380012512207}}\"]}"
        },
        {
            "prefabID": "DeathTrigger",
            "position": {
                "x": 36.361446380615237,
                "y": 37.1454963684082,
                "z": -8.161569595336914
            },
            "rotation": {
                "x": 0.0,
                "y": 0.5906950831413269,
                "z": 0.0,
                "w": 0.806894838809967
            },
            "scale": {
                "x": 6.458899974822998,
                "y": 3.7547523975372316,
                "z": 6.458899974822998
            },
            "objectName": "DeathTrigger(Clone)",
            "customData": "{\"keys\":[\"TransformSavable\"],\"jsonValues\":[\"{\\\"position\\\":{\\\"x\\\":36.361446380615237,\\\"y\\\":37.1454963684082,\\\"z\\\":-8.161569595336914},\\\"rotation\\\":{\\\"x\\\":0.0,\\\"y\\\":0.5906950831413269,\\\"z\\\":0.0,\\\"w\\\":0.806894838809967},\\\"scale\\\":{\\\"x\\\":6.458899974822998,\\\"y\\\":3.7547523975372316,\\\"z\\\":6.458899974822998}}\"]}"
        },
        {
            "prefabID": "Plane",
            "position": {
                "x": 65.93998718261719,
                "y": 6.239999771118164,
                "z": -59.79999923706055
            },
            "rotation": {
                "x": 0.0,
                "y": 0.0,
                "z": 0.0,
                "w": 1.0
            },
            "scale": {
                "x": 11.834198951721192,
                "y": 0.7623540759086609,
                "z": 11.79063892364502
            },
            "objectName": "Plane",
            "customData": "{\"keys\":[\"TransformSavable\"],\"jsonValues\":[\"{\\\"position\\\":{\\\"x\\\":65.93998718261719,\\\"y\\\":6.239999771118164,\\\"z\\\":-59.79999923706055},\\\"rotation\\\":{\\\"x\\\":0.0,\\\"y\\\":0.0,\\\"z\\\":0.0,\\\"w\\\":1.0},\\\"scale\\\":{\\\"x\\\":11.834198951721192,\\\"y\\\":0.7623540759086609,\\\"z\\\":11.79063892364502}}\"]}"
        },
        {
            "prefabID": "Hook",
            "position": {
                "x": 17.399999618530275,
                "y": 18.85698699951172,
                "z": -3.243082046508789
            },
            "rotation": {
                "x": 0.0,
                "y": 0.0,
                "z": 0.0,
                "w": 1.0
            },
            "scale": {
                "x": 1.0,
                "y": 1.0,
                "z": 1.0
            },
            "objectName": "Hook",
            "customData": "{\"keys\":[\"TransformSavable\"],\"jsonValues\":[\"{\\\"position\\\":{\\\"x\\\":17.399999618530275,\\\"y\\\":18.85698699951172,\\\"z\\\":-3.243082046508789},\\\"rotation\\\":{\\\"x\\\":0.0,\\\"y\\\":0.0,\\\"z\\\":0.0,\\\"w\\\":1.0},\\\"scale\\\":{\\\"x\\\":1.0,\\\"y\\\":1.0,\\\"z\\\":1.0}}\"]}"
        },
        {
            "prefabID": "Plane",
            "position": {
                "x": 34.60995101928711,
                "y": 6.250643730163574,
                "z": -14.154792785644532
            },
            "rotation": {
                "x": 0.0,
                "y": 0.39953237771987917,
                "z": 0.0,
                "w": 0.9167190790176392
            },
            "scale": {
                "x": 11.834198951721192,
                "y": 0.7623540759086609,
                "z": 11.79063892364502
            },
            "objectName": "Plane(Clone)",
            "customData": "{\"keys\":[\"TransformSavable\"],\"jsonValues\":[\"{\\\"position\\\":{\\\"x\\\":34.60995101928711,\\\"y\\\":6.250643730163574,\\\"z\\\":-14.154792785644532},\\\"rotation\\\":{\\\"x\\\":0.0,\\\"y\\\":0.39953237771987917,\\\"z\\\":0.0,\\\"w\\\":0.9167190790176392},\\\"scale\\\":{\\\"x\\\":11.834198951721192,\\\"y\\\":0.7623540759086609,\\\"z\\\":11.79063892364502}}\"]}"
        },
        {
            "prefabID": "CheckPoint",
            "position": {
                "x": 39.811370849609378,
                "y": 36.25341796875,
                "z": -25.014318466186525
            },
            "rotation": {
                "x": 0.0,
                "y": 0.22785256803035737,
                "z": 0.0,
                "w": 0.973695695400238
            },
            "scale": {
                "x": 7.335953712463379,
                "y": 7.335953712463379,
                "z": 7.335953712463379
            },
            "objectName": "CheckPoint(Clone)",
            "customData": "{\"keys\":[\"TransformSavable\"],\"jsonValues\":[\"{\\\"position\\\":{\\\"x\\\":39.811370849609378,\\\"y\\\":36.25341796875,\\\"z\\\":-25.014318466186525},\\\"rotation\\\":{\\\"x\\\":0.0,\\\"y\\\":0.22785256803035737,\\\"z\\\":0.0,\\\"w\\\":0.973695695400238},\\\"scale\\\":{\\\"x\\\":7.335953712463379,\\\"y\\\":7.335953712463379,\\\"z\\\":7.335953712463379}}\"]}"
        },
        {
            "prefabID": "Enemy",
            "position": {
                "x": 26.438257217407228,
                "y": 34.190120697021487,
                "z": -0.8370076417922974
            },
            "rotation": {
                "x": 0.0,
                "y": 0.4031763970851898,
                "z": 0.0,
                "w": 0.9151223301887512
            },
            "scale": {
                "x": 1.0,
                "y": 1.0,
                "z": 1.0
            },
            "objectName": "Enemy(Clone)",
            "customData": "{\"keys\":[\"EnemySavable\"],\"jsonValues\":[\"{\\\"checkBoxPosition\\\":{\\\"x\\\":31.063331604003908,\\\"y\\\":9.980247497558594,\\\"z\\\":16.835403442382814},\\\"checkBoxRotation\\\":{\\\"x\\\":0.0,\\\"y\\\":0.3712415397167206,\\\"z\\\":0.0,\\\"w\\\":0.9285364151000977},\\\"checkBoxScale\\\":{\\\"x\\\":12.67297077178955,\\\"y\\\":7.723999977111816,\\\"z\\\":14.78380012512207}}\"]}"
        },
        {
            "prefabID": "Wall",
            "position": {
                "x": 52.339988708496097,
                "y": 12.100000381469727,
                "z": -52.79999923706055
            },
            "rotation": {
                "x": -0.20770543813705445,
                "y": 0.04382197558879852,
                "z": 0.20173196494579316,
                "w": 0.9561601877212524
            },
            "scale": {
                "x": 22.705984115600587,
                "y": 8.346179008483887,
                "z": 1.0
            },
            "objectName": "Wall",
            "customData": "{\"keys\":[\"TransformSavable\"],\"jsonValues\":[\"{\\\"position\\\":{\\\"x\\\":52.339988708496097,\\\"y\\\":12.100000381469727,\\\"z\\\":-52.79999923706055},\\\"rotation\\\":{\\\"x\\\":-0.20770543813705445,\\\"y\\\":0.04382197558879852,\\\"z\\\":0.20173196494579316,\\\"w\\\":0.9561601877212524},\\\"scale\\\":{\\\"x\\\":22.705984115600587,\\\"y\\\":8.346179008483887,\\\"z\\\":1.0}}\"]}"
        }
    ]
}