{
    "saveTime": "2025-11-04 13:50:34",
    "objectCount": 4,
    "objects": [
        {
            "prefabID": "Hook",
            "position": {
                "x": -16.200000762939454,
                "y": 9.799999237060547,
                "z": -4.599999904632568
            },
            "rotation": {
                "x": 0.0,
                "y": 0.0,
                "z": 0.0,
                "w": 1.0
            },
            "scale": {
                "x": 1.0,
                "y": 1.0,
                "z": 1.0
            },
            "objectName": "Hook (9)",
            "customData": "{\"keys\":[\"TransformSavable\"],\"jsonValues\":[\"{\\\"position\\\":{\\\"x\\\":-16.200000762939454,\\\"y\\\":9.799999237060547,\\\"z\\\":-4.599999904632568},\\\"rotation\\\":{\\\"x\\\":0.0,\\\"y\\\":0.0,\\\"z\\\":0.0,\\\"w\\\":1.0},\\\"scale\\\":{\\\"x\\\":1.0,\\\"y\\\":1.0,\\\"z\\\":1.0}}\"]}"
        },
        {
            "prefabID": "DeathTrigger",
            "position": {
                "x": -31.600000381469728,
                "y": -8.600000381469727,
                "z": -10.899999618530274
            },
            "rotation": {
                "x": 0.0,
                "y": 0.0,
                "z": 0.0,
                "w": 1.0
            },
            "scale": {
                "x": 150.7329559326172,
                "y": 3.7547523975372316,
                "z": 132.89833068847657
            },
            "objectName": "DeathTrigger",
            "customData": "{\"keys\":[\"TransformSavable\"],\"jsonValues\":[\"{\\\"position\\\":{\\\"x\\\":-31.600000381469728,\\\"y\\\":-8.600000381469727,\\\"z\\\":-10.899999618530274},\\\"rotation\\\":{\\\"x\\\":0.0,\\\"y\\\":0.0,\\\"z\\\":0.0,\\\"w\\\":1.0},\\\"scale\\\":{\\\"x\\\":150.7329559326172,\\\"y\\\":3.7547523975372316,\\\"z\\\":132.89833068847657}}\"]}"
        },
        {
            "prefabID": "CheckPoint",
            "position": {
                "x": -55.79999923706055,
                "y": 1.5,
                "z": -2.4000000953674318
            },
            "rotation": {
                "x": 0.0,
                "y": 0.0,
                "z": 0.0,
                "w": 1.0
            },
            "scale": {
                "x": 7.335953712463379,
                "y": 7.335953712463379,
                "z": 7.335953712463379
            },
            "objectName": "CheckPoint",
            "customData": "{\"keys\":[\"TransformSavable\"],\"jsonValues\":[\"{\\\"position\\\":{\\\"x\\\":-55.79999923706055,\\\"y\\\":1.5,\\\"z\\\":-2.4000000953674318},\\\"rotation\\\":{\\\"x\\\":0.0,\\\"y\\\":0.0,\\\"z\\\":0.0,\\\"w\\\":1.0},\\\"scale\\\":{\\\"x\\\":7.335953712463379,\\\"y\\\":7.335953712463379,\\\"z\\\":7.335953712463379}}\"]}"
        },
        {
            "prefabID": "Enemy",
            "position": {
                "x": -32.099998474121097,
                "y": 0.8999996185302734,
                "z": -52.79999923706055
            },
            "rotation": {
                "x": 0.0,
                "y": 0.0,
                "z": 0.0,
                "w": 1.0
            },
            "scale": {
                "x": 1.0,
                "y": 1.0,
                "z": 1.0
            },
            "objectName": "Enemy",
            "customData": "{\"keys\":[\"EnemySavable\"],\"jsonValues\":[\"{\\\"checkBoxPosition\\\":{\\\"x\\\":-34.30769729614258,\\\"y\\\":3.799999237060547,\\\"z\\\":-27.39189910888672},\\\"checkBoxRotation\\\":{\\\"x\\\":0.0,\\\"y\\\":0.0,\\\"z\\\":0.0,\\\"w\\\":1.0},\\\"checkBoxScale\\\":{\\\"x\\\":12.67297077178955,\\\"y\\\":7.723999977111816,\\\"z\\\":14.78380012512207}}\"]}"
        }
    ]
}