{
    "saveTime": "2025-10-29 17:37:24",
    "objectCount": 8,
    "objects": [
        {
            "prefabID": "Wall",
            "position": {
                "x": 12.381000518798829,
                "y": 138.5110626220703,
                "z": -39.62785720825195
            },
            "rotation": {
                "x": 0.0,
                "y": 0.43762367963790896,
                "z": 0.0,
                "w": 0.8991582989692688
            },
            "scale": {
                "x": 22.705984115600587,
                "y": 8.346179008483887,
                "z": 1.0
            },
            "objectName": "Wall(Clone)(Clone)",
            "customData": "{\"keys\":[\"TransformSavable\"],\"jsonValues\":[\"{\\\"position\\\":{\\\"x\\\":12.381000518798829,\\\"y\\\":138.5110626220703,\\\"z\\\":-39.62785720825195},\\\"rotation\\\":{\\\"x\\\":0.0,\\\"y\\\":0.43762367963790896,\\\"z\\\":0.0,\\\"w\\\":0.8991582989692688},\\\"scale\\\":{\\\"x\\\":22.705984115600587,\\\"y\\\":8.346179008483887,\\\"z\\\":1.0}}\"]}"
        },
        {
            "prefabID": "Wall",
            "position": {
                "x": 3.6727757453918459,
                "y": 130.9770965576172,
                "z": -32.93158721923828
            },
            "rotation": {
                "x": 0.0,
                "y": 0.4214455187320709,
                "z": 0.0,
                "w": 0.9068537354469299
            },
            "scale": {
                "x": 57.6982421875,
                "y": 8.346179008483887,
                "z": 1.0
            },
            "objectName": "Wall(Clone)(Clone)(Clone)(Clone)(Clone)",
            "customData": "{\"keys\":[\"TransformSavable\"],\"jsonValues\":[\"{\\\"position\\\":{\\\"x\\\":3.6727757453918459,\\\"y\\\":130.9770965576172,\\\"z\\\":-32.93158721923828},\\\"rotation\\\":{\\\"x\\\":0.0,\\\"y\\\":0.4214455187320709,\\\"z\\\":0.0,\\\"w\\\":0.9068537354469299},\\\"scale\\\":{\\\"x\\\":57.6982421875,\\\"y\\\":8.346179008483887,\\\"z\\\":1.0}}\"]}"
        },
        {
            "prefabID": "Wall",
            "position": {
                "x": 0.3401006758213043,
                "y": 138.76808166503907,
                "z": -40.54969787597656
            },
            "rotation": {
                "x": 0.0,
                "y": 0.5897660255432129,
                "z": 0.0,
                "w": 0.8075742125511169
            },
            "scale": {
                "x": 22.705984115600587,
                "y": 8.346179008483887,
                "z": 1.0
            },
            "objectName": "Wall(Clone)(Clone)(Clone)",
            "customData": "{\"keys\":[\"TransformSavable\"],\"jsonValues\":[\"{\\\"position\\\":{\\\"x\\\":0.3401006758213043,\\\"y\\\":138.76808166503907,\\\"z\\\":-40.54969787597656},\\\"rotation\\\":{\\\"x\\\":0.0,\\\"y\\\":0.5897660255432129,\\\"z\\\":0.0,\\\"w\\\":0.8075742125511169},\\\"scale\\\":{\\\"x\\\":22.705984115600587,\\\"y\\\":8.346179008483887,\\\"z\\\":1.0}}\"]}"
        },
        {
            "prefabID": "Wall",
            "position": {
                "x": 20.25591468811035,
                "y": 129.69488525390626,
                "z": -22.604637145996095
            },
            "rotation": {
                "x": 0.0,
                "y": 0.13527844846248628,
                "z": 0.0,
                "w": 0.9908076524734497
            },
            "scale": {
                "x": 57.6982421875,
                "y": 8.346179008483887,
                "z": 1.0
            },
            "objectName": "Wall(Clone)(Clone)(Clone)(Clone)",
            "customData": "{\"keys\":[\"TransformSavable\"],\"jsonValues\":[\"{\\\"position\\\":{\\\"x\\\":20.25591468811035,\\\"y\\\":129.69488525390626,\\\"z\\\":-22.604637145996095},\\\"rotation\\\":{\\\"x\\\":0.0,\\\"y\\\":0.13527844846248628,\\\"z\\\":0.0,\\\"w\\\":0.9908076524734497},\\\"scale\\\":{\\\"x\\\":57.6982421875,\\\"y\\\":8.346179008483887,\\\"z\\\":1.0}}\"]}"
        },
        {
            "prefabID": "Wall",
            "position": {
                "x": -19.505441665649415,
                "y": 132.19503784179688,
                "z": -38.138946533203128
            },
            "rotation": {
                "x": 0.0,
                "y": 0.6926221251487732,
                "z": 0.0,
                "w": 0.7213006019592285
            },
            "scale": {
                "x": 57.6982421875,
                "y": 8.346179008483887,
                "z": 1.0
            },
            "objectName": "Wall(Clone)(Clone)(Clone)(Clone)(Clone)(Clone)",
            "customData": "{\"keys\":[\"TransformSavable\"],\"jsonValues\":[\"{\\\"position\\\":{\\\"x\\\":-19.505441665649415,\\\"y\\\":132.19503784179688,\\\"z\\\":-38.138946533203128},\\\"rotation\\\":{\\\"x\\\":0.0,\\\"y\\\":0.6926221251487732,\\\"z\\\":0.0,\\\"w\\\":0.7213006019592285},\\\"scale\\\":{\\\"x\\\":57.6982421875,\\\"y\\\":8.346179008483887,\\\"z\\\":1.0}}\"]}"
        },
        {
            "prefabID": "Wall",
            "position": {
                "x": -38.5137825012207,
                "y": 132.19761657714845,
                "z": -30.573379516601564
            },
            "rotation": {
                "x": 0.0,
                "y": 0.8789633512496948,
                "z": 0.0,
                "w": 0.47688940167427065
            },
            "scale": {
                "x": 57.6982421875,
                "y": 8.346179008483887,
                "z": 1.0
            },
            "objectName": "Wall(Clone)(Clone)(Clone)(Clone)(Clone)(Clone)(Clone)",
            "customData": "{\"keys\":[\"TransformSavable\"],\"jsonValues\":[\"{\\\"position\\\":{\\\"x\\\":-38.5137825012207,\\\"y\\\":132.19761657714845,\\\"z\\\":-30.573379516601564},\\\"rotation\\\":{\\\"x\\\":0.0,\\\"y\\\":0.8789633512496948,\\\"z\\\":0.0,\\\"w\\\":0.47688940167427065},\\\"scale\\\":{\\\"x\\\":57.6982421875,\\\"y\\\":8.346179008483887,\\\"z\\\":1.0}}\"]}"
        },
        {
            "prefabID": "Plane",
            "position": {
                "x": 17.016176223754884,
                "y": 148.02159118652345,
                "z": -40.8369140625
            },
            "rotation": {
                "x": 0.0,
                "y": 0.39344823360443118,
                "z": 0.0,
                "w": 0.919346809387207
            },
            "scale": {
                "x": 11.834198951721192,
                "y": 0.7623540759086609,
                "z": 11.79063892364502
            },
            "objectName": "Plane(Clone)",
            "customData": "{\"keys\":[\"TransformSavable\"],\"jsonValues\":[\"{\\\"position\\\":{\\\"x\\\":17.016176223754884,\\\"y\\\":148.02159118652345,\\\"z\\\":-40.8369140625},\\\"rotation\\\":{\\\"x\\\":0.0,\\\"y\\\":0.39344823360443118,\\\"z\\\":0.0,\\\"w\\\":0.919346809387207},\\\"scale\\\":{\\\"x\\\":11.834198951721192,\\\"y\\\":0.7623540759086609,\\\"z\\\":11.79063892364502}}\"]}"
        },
        {
            "prefabID": "Wall",
            "position": {
                "x": 25.493976593017579,
                "y": 138.29879760742188,
                "z": -37.013736724853519
            },
            "rotation": {
                "x": 0.0,
                "y": 0.26570454239845278,
                "z": 0.0,
                "w": 0.964054524898529
            },
            "scale": {
                "x": 22.705984115600587,
                "y": 8.346179008483887,
                "z": 1.0
            },
            "objectName": "Wall(Clone)",
            "customData": "{\"keys\":[\"TransformSavable\"],\"jsonValues\":[\"{\\\"position\\\":{\\\"x\\\":25.493976593017579,\\\"y\\\":138.29879760742188,\\\"z\\\":-37.013736724853519},\\\"rotation\\\":{\\\"x\\\":0.0,\\\"y\\\":0.26570454239845278,\\\"z\\\":0.0,\\\"w\\\":0.964054524898529},\\\"scale\\\":{\\\"x\\\":22.705984115600587,\\\"y\\\":8.346179008483887,\\\"z\\\":1.0}}\"]}"
        }
    ]
}