{
    "saveTime": "2025-11-11 16:10:00",
    "objectCount": 6,
    "objects": [
        {
            "prefabID": "CheckPoint",
            "position": {
                "x": -3.5302135944366457,
                "y": 139.9383087158203,
                "z": -47.39824676513672
            },
            "rotation": {
                "x": 0.0,
                "y": 0.3099125623703003,
                "z": 0.0,
                "w": 0.950765073299408
            },
            "scale": {
                "x": 7.335953712463379,
                "y": 7.335953712463379,
                "z": 7.335953712463379
            },
            "objectName": "CheckPoint(Clone)",
            "customData": "{\"keys\":[\"TransformSavable\"],\"jsonValues\":[\"{\\\"position\\\":{\\\"x\\\":-3.5302135944366457,\\\"y\\\":139.9383087158203,\\\"z\\\":-47.39824676513672},\\\"rotation\\\":{\\\"x\\\":0.0,\\\"y\\\":0.3099125623703003,\\\"z\\\":0.0,\\\"w\\\":0.950765073299408},\\\"scale\\\":{\\\"x\\\":7.335953712463379,\\\"y\\\":7.335953712463379,\\\"z\\\":7.335953712463379}}\"]}"
        },
        {
            "prefabID": "VRPlayer",
            "position": {
                "x": 20.948015213012697,
                "y": 151.6404571533203,
                "z": -32.31144332885742
            },
            "rotation": {
                "x": 0.0,
                "y": 0.12787994742393495,
                "z": 0.0,
                "w": 0.991789698600769
            },
            "scale": {
                "x": 1.0,
                "y": 1.0,
                "z": 1.0
            },
            "objectName": "VRPlayer(Clone)",
            "customData": "{\"keys\":[\"VRPlayerSavable\"],\"jsonValues\":[\"{\\\"position\\\":{\\\"x\\\":20.948015213012697,\\\"y\\\":151.6404571533203,\\\"z\\\":-32.31144332885742},\\\"rotation\\\":{\\\"x\\\":0.0,\\\"y\\\":0.12787994742393495,\\\"z\\\":0.0,\\\"w\\\":0.991789698600769},\\\"scale\\\":{\\\"x\\\":1.0,\\\"y\\\":1.0,\\\"z\\\":1.0}}\"]}"
        },
        {
            "prefabID": "CheckPoint",
            "position": {
                "x": -14.975677490234375,
                "y": 146.0813751220703,
                "z": -40.84966278076172
            },
            "rotation": {
                "x": 0.0,
                "y": 0.40766942501068118,
                "z": 0.0,
                "w": 0.9131296277046204
            },
            "scale": {
                "x": 7.335953712463379,
                "y": 7.335953712463379,
                "z": 7.335953712463379
            },
            "objectName": "CheckPoint(Clone)(Clone)",
            "customData": "{\"keys\":[\"TransformSavable\"],\"jsonValues\":[\"{\\\"position\\\":{\\\"x\\\":-14.975677490234375,\\\"y\\\":146.0813751220703,\\\"z\\\":-40.84966278076172},\\\"rotation\\\":{\\\"x\\\":0.0,\\\"y\\\":0.40766942501068118,\\\"z\\\":0.0,\\\"w\\\":0.9131296277046204},\\\"scale\\\":{\\\"x\\\":7.335953712463379,\\\"y\\\":7.335953712463379,\\\"z\\\":7.335953712463379}}\"]}"
        },
        {
            "prefabID": "CheckPoint",
            "position": {
                "x": -8.957921028137207,
                "y": 139.2041778564453,
                "z": -18.063438415527345
            },
            "rotation": {
                "x": 0.0,
                "y": -0.2919365167617798,
                "z": 0.0,
                "w": 0.9564377069473267
            },
            "scale": {
                "x": 7.335953712463379,
                "y": 7.335953712463379,
                "z": 7.335953712463379
            },
            "objectName": "CheckPoint(Clone)(Clone)(Clone)",
            "customData": "{\"keys\":[\"TransformSavable\"],\"jsonValues\":[\"{\\\"position\\\":{\\\"x\\\":-8.957921028137207,\\\"y\\\":139.2041778564453,\\\"z\\\":-18.063438415527345},\\\"rotation\\\":{\\\"x\\\":0.0,\\\"y\\\":-0.2919365167617798,\\\"z\\\":0.0,\\\"w\\\":0.9564377069473267},\\\"scale\\\":{\\\"x\\\":7.335953712463379,\\\"y\\\":7.335953712463379,\\\"z\\\":7.335953712463379}}\"]}"
        },
        {
            "prefabID": "Hook",
            "position": {
                "x": -14.79984188079834,
                "y": 157.71310424804688,
                "z": -26.83871078491211
            },
            "rotation": {
                "x": 0.0,
                "y": 0.44760534167289736,
                "z": 0.0,
                "w": 0.8942312598228455
            },
            "scale": {
                "x": 1.0,
                "y": 1.0,
                "z": 1.0
            },
            "objectName": "Hook(Clone)",
            "customData": "{\"keys\":[\"TransformSavable\"],\"jsonValues\":[\"{\\\"position\\\":{\\\"x\\\":-14.79984188079834,\\\"y\\\":157.71310424804688,\\\"z\\\":-26.83871078491211},\\\"rotation\\\":{\\\"x\\\":0.0,\\\"y\\\":0.44760534167289736,\\\"z\\\":0.0,\\\"w\\\":0.8942312598228455},\\\"scale\\\":{\\\"x\\\":1.0,\\\"y\\\":1.0,\\\"z\\\":1.0}}\"]}"
        },
        {
            "prefabID": "CheckPoint",
            "position": {
                "x": 14.138653755187989,
                "y": 145.7242889404297,
                "z": -35.76444625854492
            },
            "rotation": {
                "x": 0.0,
                "y": 0.2230623960494995,
                "z": 0.0,
                "w": 0.974804162979126
            },
            "scale": {
                "x": 7.335953712463379,
                "y": 7.335953712463379,
                "z": 7.335953712463379
            },
            "objectName": "CheckPoint(Clone)",
            "customData": "{\"keys\":[\"TransformSavable\"],\"jsonValues\":[\"{\\\"position\\\":{\\\"x\\\":14.138653755187989,\\\"y\\\":145.7242889404297,\\\"z\\\":-35.76444625854492},\\\"rotation\\\":{\\\"x\\\":0.0,\\\"y\\\":0.2230623960494995,\\\"z\\\":0.0,\\\"w\\\":0.974804162979126},\\\"scale\\\":{\\\"x\\\":7.335953712463379,\\\"y\\\":7.335953712463379,\\\"z\\\":7.335953712463379}}\"]}"
        }
    ]
}