{
    "saveTime": "2025-11-19 17:37:13",
    "objectCount": 1,
    "objects": [
        {
            "prefabID": "Plane",
            "position": {
                "x": 80.21139526367188,
                "y": -1.5115265846252442,
                "z": 71.49211883544922
            },
            "rotation": {
                "x": 0.0,
                "y": 0.0,
                "z": 0.0,
                "w": 1.0
            },
            "scale": {
                "x": 11.834198951721192,
                "y": 0.7623540759086609,
                "z": 11.79063892364502
            },
            "objectName": "Plane",
            "customData": "{\"keys\":[\"TransformSavable\"],\"jsonValues\":[\"{\\\"position\\\":{\\\"x\\\":80.21139526367188,\\\"y\\\":-1.5115265846252442,\\\"z\\\":71.49211883544922},\\\"rotation\\\":{\\\"x\\\":0.0,\\\"y\\\":0.0,\\\"z\\\":0.0,\\\"w\\\":1.0},\\\"scale\\\":{\\\"x\\\":11.834198951721192,\\\"y\\\":0.7623540759086609,\\\"z\\\":11.79063892364502}}\"]}"
        }
    ]
}