{
    "saveTime": "2025-11-20 13:23:55",
    "objectCount": 5,
    "objects": [
        {
            "prefabID": "Hook",
            "position": {
                "x": 41.60047149658203,
                "y": 189.4068603515625,
                "z": 8.024821281433106
            },
            "rotation": {
                "x": 0.0,
                "y": -0.002302514621987939,
                "z": 0.0,
                "w": 0.9999973773956299
            },
            "scale": {
                "x": 1.0,
                "y": 1.0,
                "z": 1.0
            },
            "objectName": "Hook(Clone)(Clone)",
            "customData": "{\"keys\":[\"TransformSavable\"],\"jsonValues\":[\"{\\\"position\\\":{\\\"x\\\":41.60047149658203,\\\"y\\\":189.4068603515625,\\\"z\\\":8.024821281433106},\\\"rotation\\\":{\\\"x\\\":0.0,\\\"y\\\":-0.002302514621987939,\\\"z\\\":0.0,\\\"w\\\":0.9999973773956299},\\\"scale\\\":{\\\"x\\\":1.0,\\\"y\\\":1.0,\\\"z\\\":1.0},\\\"configItems\\\":[{\\\"name\\\":\\\"radius\\\",\\\"value\\\":\\\"5\\\",\\\"type\\\":1}]}\"]}"
        },
        {
            "prefabID": "Plane",
            "position": {
                "x": 10.311838150024414,
                "y": 201.88510131835938,
                "z": -35.43046951293945
            },
            "rotation": {
                "x": 0.0,
                "y": 0.29402709007263186,
                "z": 0.0,
                "w": 0.9557970762252808
            },
            "scale": {
                "x": 11.834198951721192,
                "y": 0.7623540759086609,
                "z": 11.79063892364502
            },
            "objectName": "Plane(Clone)",
            "customData": "{\"keys\":[\"TransformSavable\"],\"jsonValues\":[\"{\\\"position\\\":{\\\"x\\\":10.311838150024414,\\\"y\\\":201.88510131835938,\\\"z\\\":-35.43046951293945},\\\"rotation\\\":{\\\"x\\\":0.0,\\\"y\\\":0.29402709007263186,\\\"z\\\":0.0,\\\"w\\\":0.9557970762252808},\\\"scale\\\":{\\\"x\\\":11.834198951721192,\\\"y\\\":0.7623540759086609,\\\"z\\\":11.79063892364502},\\\"configItems\\\":[]}\"]}"
        },
        {
            "prefabID": "Plane",
            "position": {
                "x": 80.21139526367188,
                "y": -1.5115265846252442,
                "z": 71.49211883544922
            },
            "rotation": {
                "x": 0.0,
                "y": 0.0,
                "z": 0.0,
                "w": 1.0
            },
            "scale": {
                "x": 11.834198951721192,
                "y": 0.7623540759086609,
                "z": 11.79063892364502
            },
            "objectName": "Plane",
            "customData": "{\"keys\":[\"TransformSavable\"],\"jsonValues\":[\"{\\\"position\\\":{\\\"x\\\":80.21139526367188,\\\"y\\\":-1.5115265846252442,\\\"z\\\":71.49211883544922},\\\"rotation\\\":{\\\"x\\\":0.0,\\\"y\\\":0.0,\\\"z\\\":0.0,\\\"w\\\":1.0},\\\"scale\\\":{\\\"x\\\":11.834198951721192,\\\"y\\\":0.7623540759086609,\\\"z\\\":11.79063892364502},\\\"configItems\\\":[]}\"]}"
        },
        {
            "prefabID": "Enemy",
            "position": {
                "x": -6.062766075134277,
                "y": 220.60702514648438,
                "z": -18.87336540222168
            },
            "rotation": {
                "x": 0.0,
                "y": 0.624356210231781,
                "z": 0.0,
                "w": 0.7811397910118103
            },
            "scale": {
                "x": 1.0,
                "y": 1.0,
                "z": 1.0
            },
            "objectName": "Enemy(Clone)",
            "customData": "{\"keys\":[\"EnemySavable\"],\"jsonValues\":[\"{\\\"checkBoxPosition\\\":{\\\"x\\\":18.234310150146486,\\\"y\\\":223.50701904296876,\\\"z\\\":-11.121026992797852},\\\"checkBoxRotation\\\":{\\\"x\\\":0.0,\\\"y\\\":0.624356210231781,\\\"z\\\":0.0,\\\"w\\\":0.7811397910118103},\\\"checkBoxScale\\\":{\\\"x\\\":12.67297077178955,\\\"y\\\":7.723999977111816,\\\"z\\\":14.78380012512207},\\\"configItems\\\":[{\\\"name\\\":\\\"health\\\",\\\"value\\\":\\\"1\\\",\\\"type\\\":0},{\\\"name\\\":\\\"lateTime\\\",\\\"value\\\":\\\"9\\\",\\\"type\\\":1},{\\\"name\\\":\\\"IntervalTime\\\",\\\"value\\\":\\\"6\\\",\\\"type\\\":1}]}\"]}"
        },
        {
            "prefabID": "Hook",
            "position": {
                "x": 2.454176187515259,
                "y": 204.0763702392578,
                "z": 4.4405694007873539
            },
            "rotation": {
                "x": 0.0,
                "y": 0.35084429383277895,
                "z": 0.0,
                "w": 0.9364338517189026
            },
            "scale": {
                "x": 1.0,
                "y": 1.0,
                "z": 1.0
            },
            "objectName": "Hook(Clone)",
            "customData": "{\"keys\":[\"TransformSavable\"],\"jsonValues\":[\"{\\\"position\\\":{\\\"x\\\":2.454176187515259,\\\"y\\\":204.0763702392578,\\\"z\\\":4.4405694007873539},\\\"rotation\\\":{\\\"x\\\":0.0,\\\"y\\\":0.35084429383277895,\\\"z\\\":0.0,\\\"w\\\":0.9364338517189026},\\\"scale\\\":{\\\"x\\\":1.0,\\\"y\\\":1.0,\\\"z\\\":1.0},\\\"configItems\\\":[{\\\"name\\\":\\\"radius\\\",\\\"value\\\":\\\"6\\\",\\\"type\\\":1}]}\"]}"
        }
    ]
}