{
    "saveTime": "2025-10-22 17:34:03",
    "objectCount": 5,
    "objects": [
        {
            "prefabID": "CheckPoint",
            "position": {
                "x": 32.75527572631836,
                "y": 3.6679768562316896,
                "z": -41.26911163330078
            },
            "rotation": {
                "x": 0.0,
                "y": 0.0,
                "z": 0.0,
                "w": 1.0
            },
            "scale": {
                "x": 7.335953712463379,
                "y": 7.335953712463379,
                "z": 7.335953712463379
            },
            "objectName": "CheckPoint",
            "customData": "{\"keys\":[\"TransformSavable\"]}"
        },
        {
            "prefabID": "DeathTrigger",
            "position": {
                "x": 20.748374938964845,
                "y": 1.8773761987686158,
                "z": -45.682437896728519
            },
            "rotation": {
                "x": -0.23459310829639436,
                "y": -0.2847278416156769,
                "z": 0.3762432336807251,
                "w": 0.8499042987823486
            },
            "scale": {
                "x": 6.458899974822998,
                "y": 3.7547523975372316,
                "z": 6.458899974822998
            },
            "objectName": "DeathTrigger",
            "customData": "{\"keys\":[\"TransformSavable\"]}"
        },
        {
            "prefabID": "Hook",
            "position": {
                "x": 31.801332473754884,
                "y": 0.83431476354599,
                "z": -48.83174514770508
            },
            "rotation": {
                "x": 0.0,
                "y": 0.0,
                "z": 0.0,
                "w": 1.0
            },
            "scale": {
                "x": 1.0,
                "y": 1.0,
                "z": 1.0
            },
            "objectName": "Hook",
            "customData": "{\"keys\":[\"TransformSavable\"]}"
        },
        {
            "prefabID": "Wall",
            "position": {
                "x": 32.6585578918457,
                "y": 4.173089504241943,
                "z": -23.74911880493164
            },
            "rotation": {
                "x": -0.22576646506786347,
                "y": -0.39495155215263369,
                "z": 0.2568984031677246,
                "w": 0.8526699542999268
            },
            "scale": {
                "x": 22.705984115600587,
                "y": 8.346179008483887,
                "z": 1.0
            },
            "objectName": "Wall",
            "customData": "{\"keys\":[\"TransformSavable\"]}"
        },
        {
            "prefabID": "Plane",
            "position": {
                "x": 41.592777252197269,
                "y": 0.38117703795433047,
                "z": -50.00079345703125
            },
            "rotation": {
                "x": 0.0,
                "y": 0.0,
                "z": 0.0,
                "w": 1.0
            },
            "scale": {
                "x": 11.834198951721192,
                "y": 0.7623540759086609,
                "z": 11.79063892364502
            },
            "objectName": "Plane",
            "customData": "{\"keys\":[\"TransformSavable\"]}"
        }
    ]
}