{
    "saveTime": "2025-10-22 17:54:11",
    "objectCount": 6,
    "objects": [
        {
            "prefabID": "Enemy",
            "position": {
                "x": 31.53765106201172,
                "y": 0.9619998931884766,
                "z": -55.686851501464847
            },
            "rotation": {
                "x": 0.0,
                "y": 0.0,
                "z": 0.0,
                "w": 1.0
            },
            "scale": {
                "x": 1.0,
                "y": 1.0,
                "z": 1.0
            },
            "objectName": "Enemy",
            "customData": "{\"keys\":[\"EnemySavable\"],\"jsonValues\":[\"{\\\"checkBoxPosition\\\":{\\\"x\\\":29.3299503326416,\\\"y\\\":3.861999988555908,\\\"z\\\":-30.278751373291017},\\\"checkBoxRotation\\\":{\\\"x\\\":-0.13991352915763856,\\\"y\\\":-0.14851278066635133,\\\"z\\\":0.3040596544742584,\\\"w\\\":0.9305460453033447},\\\"checkBoxScale\\\":{\\\"x\\\":19.034801483154298,\\\"y\\\":1.1564091444015504,\\\"z\\\":22.20526695251465}}\"]}"
        },
        {
            "prefabID": "Plane",
            "position": {
                "x": 41.592777252197269,
                "y": 0.38117703795433047,
                "z": -50.00079345703125
            },
            "rotation": {
                "x": 0.0,
                "y": 0.0,
                "z": 0.0,
                "w": 1.0
            },
            "scale": {
                "x": 11.834198951721192,
                "y": 0.7623540759086609,
                "z": 11.79063892364502
            },
            "objectName": "Plane",
            "customData": "{\"keys\":[\"TransformSavable\"],\"jsonValues\":[\"{\\\"position\\\":{\\\"x\\\":41.592777252197269,\\\"y\\\":0.38117703795433047,\\\"z\\\":-50.00079345703125},\\\"rotation\\\":{\\\"x\\\":0.0,\\\"y\\\":0.0,\\\"z\\\":0.0,\\\"w\\\":1.0},\\\"scale\\\":{\\\"x\\\":11.834198951721192,\\\"y\\\":0.7623540759086609,\\\"z\\\":11.79063892364502}}\"]}"
        },
        {
            "prefabID": "Wall",
            "position": {
                "x": 32.6585578918457,
                "y": 4.173089504241943,
                "z": -23.74911880493164
            },
            "rotation": {
                "x": 0.0,
                "y": 0.0,
                "z": 0.0,
                "w": 1.0
            },
            "scale": {
                "x": 22.705984115600587,
                "y": 8.346179008483887,
                "z": 1.0
            },
            "objectName": "Wall",
            "customData": "{\"keys\":[\"TransformSavable\"],\"jsonValues\":[\"{\\\"position\\\":{\\\"x\\\":32.6585578918457,\\\"y\\\":4.173089504241943,\\\"z\\\":-23.74911880493164},\\\"rotation\\\":{\\\"x\\\":0.0,\\\"y\\\":0.0,\\\"z\\\":0.0,\\\"w\\\":1.0},\\\"scale\\\":{\\\"x\\\":22.705984115600587,\\\"y\\\":8.346179008483887,\\\"z\\\":1.0}}\"]}"
        },
        {
            "prefabID": "Hook",
            "position": {
                "x": 31.801332473754884,
                "y": 0.83431476354599,
                "z": -48.83174514770508
            },
            "rotation": {
                "x": 0.0,
                "y": 0.0,
                "z": 0.0,
                "w": 1.0
            },
            "scale": {
                "x": 1.0,
                "y": 1.0,
                "z": 1.0
            },
            "objectName": "Hook",
            "customData": "{\"keys\":[\"TransformSavable\"],\"jsonValues\":[\"{\\\"position\\\":{\\\"x\\\":31.801332473754884,\\\"y\\\":0.83431476354599,\\\"z\\\":-48.83174514770508},\\\"rotation\\\":{\\\"x\\\":0.0,\\\"y\\\":0.0,\\\"z\\\":0.0,\\\"w\\\":1.0},\\\"scale\\\":{\\\"x\\\":1.0,\\\"y\\\":1.0,\\\"z\\\":1.0}}\"]}"
        },
        {
            "prefabID": "DeathTrigger",
            "position": {
                "x": 20.748374938964845,
                "y": 1.8773761987686158,
                "z": -45.682437896728519
            },
            "rotation": {
                "x": 0.0,
                "y": 0.0,
                "z": 0.0,
                "w": 1.0
            },
            "scale": {
                "x": 6.458899974822998,
                "y": 3.7547523975372316,
                "z": 6.458899974822998
            },
            "objectName": "DeathTrigger",
            "customData": "{\"keys\":[\"TransformSavable\"],\"jsonValues\":[\"{\\\"position\\\":{\\\"x\\\":20.748374938964845,\\\"y\\\":1.8773761987686158,\\\"z\\\":-45.682437896728519},\\\"rotation\\\":{\\\"x\\\":0.0,\\\"y\\\":0.0,\\\"z\\\":0.0,\\\"w\\\":1.0},\\\"scale\\\":{\\\"x\\\":6.458899974822998,\\\"y\\\":3.7547523975372316,\\\"z\\\":6.458899974822998}}\"]}"
        },
        {
            "prefabID": "CheckPoint",
            "position": {
                "x": 32.75527572631836,
                "y": 3.6679768562316896,
                "z": -41.26911163330078
            },
            "rotation": {
                "x": 0.0,
                "y": 0.0,
                "z": 0.0,
                "w": 1.0
            },
            "scale": {
                "x": 7.335953712463379,
                "y": 7.335953712463379,
                "z": 7.335953712463379
            },
            "objectName": "CheckPoint",
            "customData": "{\"keys\":[\"TransformSavable\"],\"jsonValues\":[\"{\\\"position\\\":{\\\"x\\\":32.75527572631836,\\\"y\\\":3.6679768562316896,\\\"z\\\":-41.26911163330078},\\\"rotation\\\":{\\\"x\\\":0.0,\\\"y\\\":0.0,\\\"z\\\":0.0,\\\"w\\\":1.0},\\\"scale\\\":{\\\"x\\\":7.335953712463379,\\\"y\\\":7.335953712463379,\\\"z\\\":7.335953712463379}}\"]}"
        }
    ]
}