{
    "saveTime": "2025-10-27 11:03:23",
    "objectCount": 4,
    "objects": [
        {
            "prefabID": "Enemy",
            "position": {
                "x": 257.53997802734377,
                "y": 20.100000381469728,
                "z": -263.1000061035156
            },
            "rotation": {
                "x": 0.0,
                "y": 0.0,
                "z": 0.0,
                "w": 1.0
            },
            "scale": {
                "x": 1.0,
                "y": 1.0,
                "z": 1.0
            },
            "objectName": "Enemy",
            "customData": "{\"keys\":[\"EnemySavable\"],\"jsonValues\":[\"{\\\"checkBoxPosition\\\":{\\\"x\\\":255.33229064941407,\\\"y\\\":23.0,\\\"z\\\":-237.69190979003907},\\\"checkBoxRotation\\\":{\\\"x\\\":0.0,\\\"y\\\":0.0,\\\"z\\\":0.0,\\\"w\\\":1.0},\\\"checkBoxScale\\\":{\\\"x\\\":12.67297077178955,\\\"y\\\":7.723999977111816,\\\"z\\\":14.78380012512207}}\"]}"
        },
        {
            "prefabID": "Hook",
            "position": {
                "x": 17.399999618530275,
                "y": 18.85698699951172,
                "z": -3.243082046508789
            },
            "rotation": {
                "x": 0.0,
                "y": 0.0,
                "z": 0.0,
                "w": 1.0
            },
            "scale": {
                "x": 1.0,
                "y": 1.0,
                "z": 1.0
            },
            "objectName": "Hook",
            "customData": "{\"keys\":[\"TransformSavable\"],\"jsonValues\":[\"{\\\"position\\\":{\\\"x\\\":17.399999618530275,\\\"y\\\":18.85698699951172,\\\"z\\\":-3.243082046508789},\\\"rotation\\\":{\\\"x\\\":0.0,\\\"y\\\":0.0,\\\"z\\\":0.0,\\\"w\\\":1.0},\\\"scale\\\":{\\\"x\\\":1.0,\\\"y\\\":1.0,\\\"z\\\":1.0}}\"]}"
        },
        {
            "prefabID": "Wall",
            "position": {
                "x": 52.339988708496097,
                "y": 12.100000381469727,
                "z": -52.79999923706055
            },
            "rotation": {
                "x": -0.20770543813705445,
                "y": 0.04382197558879852,
                "z": 0.20173196494579316,
                "w": 0.9561601877212524
            },
            "scale": {
                "x": 22.705984115600587,
                "y": 8.346179008483887,
                "z": 1.0
            },
            "objectName": "Wall",
            "customData": "{\"keys\":[\"TransformSavable\"],\"jsonValues\":[\"{\\\"position\\\":{\\\"x\\\":52.339988708496097,\\\"y\\\":12.100000381469727,\\\"z\\\":-52.79999923706055},\\\"rotation\\\":{\\\"x\\\":-0.20770543813705445,\\\"y\\\":0.04382197558879852,\\\"z\\\":0.20173196494579316,\\\"w\\\":0.9561601877212524},\\\"scale\\\":{\\\"x\\\":22.705984115600587,\\\"y\\\":8.346179008483887,\\\"z\\\":1.0}}\"]}"
        },
        {
            "prefabID": "Plane",
            "position": {
                "x": 65.93998718261719,
                "y": 6.239999771118164,
                "z": -59.79999923706055
            },
            "rotation": {
                "x": 0.0,
                "y": 0.0,
                "z": 0.0,
                "w": 1.0
            },
            "scale": {
                "x": 11.834198951721192,
                "y": 0.7623540759086609,
                "z": 11.79063892364502
            },
            "objectName": "Plane",
            "customData": "{\"keys\":[\"TransformSavable\"],\"jsonValues\":[\"{\\\"position\\\":{\\\"x\\\":65.93998718261719,\\\"y\\\":6.239999771118164,\\\"z\\\":-59.79999923706055},\\\"rotation\\\":{\\\"x\\\":0.0,\\\"y\\\":0.0,\\\"z\\\":0.0,\\\"w\\\":1.0},\\\"scale\\\":{\\\"x\\\":11.834198951721192,\\\"y\\\":0.7623540759086609,\\\"z\\\":11.79063892364502}}\"]}"
        }
    ]
}