{
    "saveTime": "2025-10-27 14:18:21",
    "objectCount": 8,
    "objects": [
        {
            "prefabID": "Wall",
            "position": {
                "x": 52.339988708496097,
                "y": 12.100000381469727,
                "z": -52.79999923706055
            },
            "rotation": {
                "x": -0.20770543813705445,
                "y": 0.04382197558879852,
                "z": 0.20173196494579316,
                "w": 0.9561601877212524
            },
            "scale": {
                "x": 22.705984115600587,
                "y": 8.346179008483887,
                "z": 1.0
            },
            "objectName": "Wall",
            "customData": "{\"keys\":[\"TransformSavable\"],\"jsonValues\":[\"{\\\"position\\\":{\\\"x\\\":52.339988708496097,\\\"y\\\":12.100000381469727,\\\"z\\\":-52.79999923706055},\\\"rotation\\\":{\\\"x\\\":-0.20770543813705445,\\\"y\\\":0.04382197558879852,\\\"z\\\":0.20173196494579316,\\\"w\\\":0.9561601877212524},\\\"scale\\\":{\\\"x\\\":22.705984115600587,\\\"y\\\":8.346179008483887,\\\"z\\\":1.0}}\"]}"
        },
        {
            "prefabID": "Enemy",
            "position": {
                "x": 35.70967483520508,
                "y": 40.9970703125,
                "z": -9.20208740234375
            },
            "rotation": {
                "x": 0.0,
                "y": 0.08793916553258896,
                "z": 0.0,
                "w": 0.9961258769035339
            },
            "scale": {
                "x": 1.0,
                "y": 1.0,
                "z": 1.0
            },
            "objectName": "Enemy(Clone)",
            "customData": "{\"keys\":[\"EnemySavable\"],\"jsonValues\":[\"{\\\"checkBoxPosition\\\":{\\\"x\\\":37.98754119873047,\\\"y\\\":43.897071838378909,\\\"z\\\":16.199817657470704},\\\"checkBoxRotation\\\":{\\\"x\\\":0.0,\\\"y\\\":0.08793916553258896,\\\"z\\\":0.0,\\\"w\\\":0.9961258769035339},\\\"checkBoxScale\\\":{\\\"x\\\":12.67297077178955,\\\"y\\\":7.723999977111816,\\\"z\\\":14.78380012512207}}\"]}"
        },
        {
            "prefabID": "Enemy",
            "position": {
                "x": 257.53997802734377,
                "y": 20.100000381469728,
                "z": -263.1000061035156
            },
            "rotation": {
                "x": 0.0,
                "y": 0.0,
                "z": 0.0,
                "w": 1.0
            },
            "scale": {
                "x": 1.0,
                "y": 1.0,
                "z": 1.0
            },
            "objectName": "Enemy",
            "customData": "{\"keys\":[\"EnemySavable\"],\"jsonValues\":[\"{\\\"checkBoxPosition\\\":{\\\"x\\\":255.33229064941407,\\\"y\\\":23.0,\\\"z\\\":-237.69190979003907},\\\"checkBoxRotation\\\":{\\\"x\\\":0.0,\\\"y\\\":0.0,\\\"z\\\":0.0,\\\"w\\\":1.0},\\\"checkBoxScale\\\":{\\\"x\\\":12.67297077178955,\\\"y\\\":7.723999977111816,\\\"z\\\":14.78380012512207}}\"]}"
        },
        {
            "prefabID": "Hook",
            "position": {
                "x": 17.399999618530275,
                "y": 18.85698699951172,
                "z": -3.243082046508789
            },
            "rotation": {
                "x": 0.0,
                "y": 0.0,
                "z": 0.0,
                "w": 1.0
            },
            "scale": {
                "x": 1.0,
                "y": 1.0,
                "z": 1.0
            },
            "objectName": "Hook",
            "customData": "{\"keys\":[\"TransformSavable\"],\"jsonValues\":[\"{\\\"position\\\":{\\\"x\\\":17.399999618530275,\\\"y\\\":18.85698699951172,\\\"z\\\":-3.243082046508789},\\\"rotation\\\":{\\\"x\\\":0.0,\\\"y\\\":0.0,\\\"z\\\":0.0,\\\"w\\\":1.0},\\\"scale\\\":{\\\"x\\\":1.0,\\\"y\\\":1.0,\\\"z\\\":1.0}}\"]}"
        },
        {
            "prefabID": "CheckPoint",
            "position": {
                "x": -3.1390340328216554,
                "y": 37.171966552734378,
                "z": 24.63130760192871
            },
            "rotation": {
                "x": 0.0,
                "y": 0.14276055991649629,
                "z": 0.0,
                "w": 0.9897572994232178
            },
            "scale": {
                "x": 7.335953712463379,
                "y": 7.335953712463379,
                "z": 7.335953712463379
            },
            "objectName": "CheckPoint(Clone)",
            "customData": "{\"keys\":[\"TransformSavable\"],\"jsonValues\":[\"{\\\"position\\\":{\\\"x\\\":-3.1390340328216554,\\\"y\\\":37.171966552734378,\\\"z\\\":24.63130760192871},\\\"rotation\\\":{\\\"x\\\":0.0,\\\"y\\\":0.14276055991649629,\\\"z\\\":0.0,\\\"w\\\":0.9897572994232178},\\\"scale\\\":{\\\"x\\\":7.335953712463379,\\\"y\\\":7.335953712463379,\\\"z\\\":7.335953712463379}}\"]}"
        },
        {
            "prefabID": "Plane",
            "position": {
                "x": -3.786343812942505,
                "y": 40.77388000488281,
                "z": 18.949478149414064
            },
            "rotation": {
                "x": 0.0,
                "y": 0.2885269522666931,
                "z": 0.0,
                "w": 0.9574717879295349
            },
            "scale": {
                "x": 11.834198951721192,
                "y": 0.7623540759086609,
                "z": 11.79063892364502
            },
            "objectName": "Plane(Clone)",
            "customData": "{\"keys\":[\"TransformSavable\"],\"jsonValues\":[\"{\\\"position\\\":{\\\"x\\\":-3.786343812942505,\\\"y\\\":40.77388000488281,\\\"z\\\":18.949478149414064},\\\"rotation\\\":{\\\"x\\\":0.0,\\\"y\\\":0.2885269522666931,\\\"z\\\":0.0,\\\"w\\\":0.9574717879295349},\\\"scale\\\":{\\\"x\\\":11.834198951721192,\\\"y\\\":0.7623540759086609,\\\"z\\\":11.79063892364502}}\"]}"
        },
        {
            "prefabID": "Wall",
            "position": {
                "x": 39.42980194091797,
                "y": 29.94746971130371,
                "z": -19.332307815551759
            },
            "rotation": {
                "x": 0.0,
                "y": 0.3048829436302185,
                "z": 0.0,
                "w": 0.9523898959159851
            },
            "scale": {
                "x": 22.705984115600587,
                "y": 8.346179008483887,
                "z": 1.0
            },
            "objectName": "Wall(Clone)",
            "customData": "{\"keys\":[\"TransformSavable\"],\"jsonValues\":[\"{\\\"position\\\":{\\\"x\\\":39.42980194091797,\\\"y\\\":29.94746971130371,\\\"z\\\":-19.332307815551759},\\\"rotation\\\":{\\\"x\\\":0.0,\\\"y\\\":0.3048829436302185,\\\"z\\\":0.0,\\\"w\\\":0.9523898959159851},\\\"scale\\\":{\\\"x\\\":22.705984115600587,\\\"y\\\":8.346179008483887,\\\"z\\\":1.0}}\"]}"
        },
        {
            "prefabID": "Plane",
            "position": {
                "x": 65.93998718261719,
                "y": 6.239999771118164,
                "z": -59.79999923706055
            },
            "rotation": {
                "x": 0.0,
                "y": 0.0,
                "z": 0.0,
                "w": 1.0
            },
            "scale": {
                "x": 11.834198951721192,
                "y": 0.7623540759086609,
                "z": 11.79063892364502
            },
            "objectName": "Plane",
            "customData": "{\"keys\":[\"TransformSavable\"],\"jsonValues\":[\"{\\\"position\\\":{\\\"x\\\":65.93998718261719,\\\"y\\\":6.239999771118164,\\\"z\\\":-59.79999923706055},\\\"rotation\\\":{\\\"x\\\":0.0,\\\"y\\\":0.0,\\\"z\\\":0.0,\\\"w\\\":1.0},\\\"scale\\\":{\\\"x\\\":11.834198951721192,\\\"y\\\":0.7623540759086609,\\\"z\\\":11.79063892364502}}\"]}"
        }
    ]
}