{
    "saveTime": "2025-10-27 15:04:12",
    "objectCount": 11,
    "objects": [
        {
            "prefabID": "CheckPoint",
            "position": {
                "x": 89.97933959960938,
                "y": 31.808496475219728,
                "z": 7.056877136230469
            },
            "rotation": {
                "x": 0.0,
                "y": 0.2760845422744751,
                "z": 0.0,
                "w": 0.9611333608627319
            },
            "scale": {
                "x": 7.335953712463379,
                "y": 7.335953712463379,
                "z": 7.335953712463379
            },
            "objectName": "CheckPoint(Clone)",
            "customData": "{\"keys\":[\"TransformSavable\"],\"jsonValues\":[\"{\\\"position\\\":{\\\"x\\\":89.97933959960938,\\\"y\\\":31.808496475219728,\\\"z\\\":7.056877136230469},\\\"rotation\\\":{\\\"x\\\":0.0,\\\"y\\\":0.2760845422744751,\\\"z\\\":0.0,\\\"w\\\":0.9611333608627319},\\\"scale\\\":{\\\"x\\\":7.335953712463379,\\\"y\\\":7.335953712463379,\\\"z\\\":7.335953712463379}}\"]}"
        },
        {
            "prefabID": "Plane",
            "position": {
                "x": 73.41934967041016,
                "y": 40.32575225830078,
                "z": 7.808757305145264
            },
            "rotation": {
                "x": 0.0,
                "y": 0.44158557057380679,
                "z": 0.0,
                "w": 0.8972191214561462
            },
            "scale": {
                "x": 11.834198951721192,
                "y": 0.7623540759086609,
                "z": 11.79063892364502
            },
            "objectName": "Plane(Clone)",
            "customData": "{\"keys\":[\"TransformSavable\"],\"jsonValues\":[\"{\\\"position\\\":{\\\"x\\\":73.41934967041016,\\\"y\\\":40.32575225830078,\\\"z\\\":7.808757305145264},\\\"rotation\\\":{\\\"x\\\":0.0,\\\"y\\\":0.44158557057380679,\\\"z\\\":0.0,\\\"w\\\":0.8972191214561462},\\\"scale\\\":{\\\"x\\\":11.834198951721192,\\\"y\\\":0.7623540759086609,\\\"z\\\":11.79063892364502}}\"]}"
        },
        {
            "prefabID": "Plane",
            "position": {
                "x": 65.93998718261719,
                "y": 6.239999771118164,
                "z": -59.79999923706055
            },
            "rotation": {
                "x": 0.0,
                "y": 0.0,
                "z": 0.0,
                "w": 1.0
            },
            "scale": {
                "x": 11.834198951721192,
                "y": 0.7623540759086609,
                "z": 11.79063892364502
            },
            "objectName": "Plane",
            "customData": "{\"keys\":[\"TransformSavable\"],\"jsonValues\":[\"{\\\"position\\\":{\\\"x\\\":65.93998718261719,\\\"y\\\":6.239999771118164,\\\"z\\\":-59.79999923706055},\\\"rotation\\\":{\\\"x\\\":0.0,\\\"y\\\":0.0,\\\"z\\\":0.0,\\\"w\\\":1.0},\\\"scale\\\":{\\\"x\\\":11.834198951721192,\\\"y\\\":0.7623540759086609,\\\"z\\\":11.79063892364502}}\"]}"
        },
        {
            "prefabID": "Hook",
            "position": {
                "x": 17.399999618530275,
                "y": 18.85698699951172,
                "z": -3.243082046508789
            },
            "rotation": {
                "x": 0.0,
                "y": 0.0,
                "z": 0.0,
                "w": 1.0
            },
            "scale": {
                "x": 1.0,
                "y": 1.0,
                "z": 1.0
            },
            "objectName": "Hook",
            "customData": "{\"keys\":[\"TransformSavable\"],\"jsonValues\":[\"{\\\"position\\\":{\\\"x\\\":17.399999618530275,\\\"y\\\":18.85698699951172,\\\"z\\\":-3.243082046508789},\\\"rotation\\\":{\\\"x\\\":0.0,\\\"y\\\":0.0,\\\"z\\\":0.0,\\\"w\\\":1.0},\\\"scale\\\":{\\\"x\\\":1.0,\\\"y\\\":1.0,\\\"z\\\":1.0}}\"]}"
        },
        {
            "prefabID": "VRPlayer",
            "position": {
                "x": 19.158872604370118,
                "y": 22.94004249572754,
                "z": 18.29493522644043
            },
            "rotation": {
                "x": 0.0,
                "y": 0.08356575667858124,
                "z": 0.0,
                "w": 0.9965022802352905
            },
            "scale": {
                "x": 1.0,
                "y": 1.0,
                "z": 1.0
            },
            "objectName": "VRPlayer(Clone)",
            "customData": "{\"keys\":[\"VRPlayerSavable\"],\"jsonValues\":[\"{\\\"position\\\":{\\\"x\\\":19.158872604370118,\\\"y\\\":22.94004249572754,\\\"z\\\":18.29493522644043},\\\"rotation\\\":{\\\"x\\\":0.0,\\\"y\\\":0.08356575667858124,\\\"z\\\":0.0,\\\"w\\\":0.9965022802352905},\\\"scale\\\":{\\\"x\\\":1.0,\\\"y\\\":1.0,\\\"z\\\":1.0}}\"]}"
        },
        {
            "prefabID": "Hook",
            "position": {
                "x": 84.490234375,
                "y": 38.25284957885742,
                "z": 8.196669578552246
            },
            "rotation": {
                "x": 0.0,
                "y": 0.21309758722782136,
                "z": 0.0,
                "w": 0.9770309329032898
            },
            "scale": {
                "x": 1.0,
                "y": 1.0,
                "z": 1.0
            },
            "objectName": "Hook(Clone)",
            "customData": "{\"keys\":[\"TransformSavable\"],\"jsonValues\":[\"{\\\"position\\\":{\\\"x\\\":84.490234375,\\\"y\\\":38.25284957885742,\\\"z\\\":8.196669578552246},\\\"rotation\\\":{\\\"x\\\":0.0,\\\"y\\\":0.21309758722782136,\\\"z\\\":0.0,\\\"w\\\":0.9770309329032898},\\\"scale\\\":{\\\"x\\\":1.0,\\\"y\\\":1.0,\\\"z\\\":1.0}}\"]}"
        },
        {
            "prefabID": "Enemy",
            "position": {
                "x": 257.53997802734377,
                "y": 20.100000381469728,
                "z": -263.1000061035156
            },
            "rotation": {
                "x": 0.0,
                "y": 0.0,
                "z": 0.0,
                "w": 1.0
            },
            "scale": {
                "x": 1.0,
                "y": 1.0,
                "z": 1.0
            },
            "objectName": "Enemy",
            "customData": "{\"keys\":[\"EnemySavable\"],\"jsonValues\":[\"{\\\"checkBoxPosition\\\":{\\\"x\\\":255.33229064941407,\\\"y\\\":23.0,\\\"z\\\":-237.69190979003907},\\\"checkBoxRotation\\\":{\\\"x\\\":0.0,\\\"y\\\":0.0,\\\"z\\\":0.0,\\\"w\\\":1.0},\\\"checkBoxScale\\\":{\\\"x\\\":12.67297077178955,\\\"y\\\":7.723999977111816,\\\"z\\\":14.78380012512207}}\"]}"
        },
        {
            "prefabID": "Wall",
            "position": {
                "x": 94.69248962402344,
                "y": 32.78120422363281,
                "z": -7.270487308502197
            },
            "rotation": {
                "x": 0.0,
                "y": 0.32889723777770998,
                "z": 0.0,
                "w": 0.9443657398223877
            },
            "scale": {
                "x": 22.705984115600587,
                "y": 8.346179008483887,
                "z": 1.0
            },
            "objectName": "Wall(Clone)",
            "customData": "{\"keys\":[\"TransformSavable\"],\"jsonValues\":[\"{\\\"position\\\":{\\\"x\\\":94.69248962402344,\\\"y\\\":32.78120422363281,\\\"z\\\":-7.270487308502197},\\\"rotation\\\":{\\\"x\\\":0.0,\\\"y\\\":0.32889723777770998,\\\"z\\\":0.0,\\\"w\\\":0.9443657398223877},\\\"scale\\\":{\\\"x\\\":22.705984115600587,\\\"y\\\":8.346179008483887,\\\"z\\\":1.0}}\"]}"
        },
        {
            "prefabID": "VRPlayer",
            "position": {
                "x": 66.9000015258789,
                "y": 8.619999885559082,
                "z": -58.099998474121097
            },
            "rotation": {
                "x": 0.0,
                "y": 0.9617824554443359,
                "z": 0.0,
                "w": 0.2738147974014282
            },
            "scale": {
                "x": 1.0,
                "y": 1.0,
                "z": 1.0
            },
            "objectName": "VRPlayer",