{
    "saveTime": "2025-10-23 16:53:20",
    "objectCount": 4,
    "objects": [
        {
            "prefabID": "VRPlayer",
            "position": {
                "x": 36.955963134765628,
                "y": 95.9978256225586,
                "z": 10.403985023498536
            },
            "rotation": {
                "x": 0.0,
                "y": 0.13406908512115479,
                "z": 0.0,
                "w": 0.9909720420837402
            },
            "scale": {
                "x": 1.0,
                "y": 1.0,
                "z": 1.0
            },
            "objectName": "VRPlayer(Clone)",
            "customData": "{\"keys\":[\"VRPlayerSavable\"],\"jsonValues\":[\"{\\\"position\\\":{\\\"x\\\":36.955963134765628,\\\"y\\\":95.9978256225586,\\\"z\\\":10.403985023498536},\\\"rotation\\\":{\\\"x\\\":0.0,\\\"y\\\":0.13406908512115479,\\\"z\\\":0.0,\\\"w\\\":0.9909720420837402},\\\"scale\\\":{\\\"x\\\":1.0,\\\"y\\\":1.0,\\\"z\\\":1.0},\\\"health\\\":1}\"]}"
        },
        {
            "prefabID": "Plane",
            "position": {
                "x": 37.56684112548828,
                "y": 92.69686126708985,
                "z": 10.091011047363282
            },
            "rotation": {
                "x": 0.0,
                "y": 0.1551888883113861,
                "z": 0.0,
                "w": 0.9878848195075989
            },
            "scale": {
                "x": 11.834198951721192,
                "y": 0.7623540759086609,
                "z": 11.79063892364502
            },
            "objectName": "Plane(Clone)",
            "customData": "{\"keys\":[\"TransformSavable\"],\"jsonValues\":[\"{\\\"position\\\":{\\\"x\\\":37.56684112548828,\\\"y\\\":92.69686126708985,\\\"z\\\":10.091011047363282},\\\"rotation\\\":{\\\"x\\\":0.0,\\\"y\\\":0.1551888883113861,\\\"z\\\":0.0,\\\"w\\\":0.9878848195075989},\\\"scale\\\":{\\\"x\\\":11.834198951721192,\\\"y\\\":0.7623540759086609,\\\"z\\\":11.79063892364502}}\"]}"
        },
        {
            "prefabID": "CheckPoint",
            "position": {
                "x": 40.193946838378909,
                "y": 90.23969268798828,
                "z": 1.1680048704147339
            },
            "rotation": {
                "x": 0.0,
                "y": 0.27656489610671999,
                "z": 0.0,
                "w": 0.9609952569007874
            },
            "scale": {
                "x": 7.335953712463379,
                "y": 7.335953712463379,
                "z": 7.335953712463379
            },
            "objectName": "CheckPoint(Clone)",
            "customData": "{\"keys\":[\"TransformSavable\"],\"jsonValues\":[\"{\\\"position\\\":{\\\"x\\\":40.193946838378909,\\\"y\\\":90.23969268798828,\\\"z\\\":1.1680048704147339},\\\"rotation\\\":{\\\"x\\\":0.0,\\\"y\\\":0.27656489610671999,\\\"z\\\":0.0,\\\"w\\\":0.9609952569007874},\\\"scale\\\":{\\\"x\\\":7.335953712463379,\\\"y\\\":7.335953712463379,\\\"z\\\":7.335953712463379}}\"]}"
        },
        {
            "prefabID": "DeathTrigger",
            "position": {
                "x": 36.28685760498047,
                "y": 104.76899719238281,
                "z": 3.0649731159210207
            },
            "rotation": {
                "x": 0.0,
                "y": 0.26827651262283327,
                "z": 0.0,
                "w": 0.963342010974884
            },
            "scale": {
                "x": 6.458899974822998,
                "y": 3.7547523975372316,
                "z": 6.458899974822998
            },
            "objectName": "DeathTrigger(Clone)",
            "customData": "{\"keys\":[\"TransformSavable\"],\"jsonValues\":[\"{\\\"position\\\":{\\\"x\\\":36.28685760498047,\\\"y\\\":104.76899719238281,\\\"z\\\":3.0649731159210207},\\\"rotation\\\":{\\\"x\\\":0.0,\\\"y\\\":0.26827651262283327,\\\"z\\\":0.0,\\\"w\\\":0.963342010974884},\\\"scale\\\":{\\\"x\\\":6.458899974822998,\\\"y\\\":3.7547523975372316,\\\"z\\\":6.458899974822998}}\"]}"
        }
    ]
}