{
    "saveTime": "2025-10-23 13:52:42",
    "objectCount": 5,
    "objects": [
        {
            "prefabID": "VRPlayer",
            "position": {
                "x": 17.11393165588379,
                "y": 0.12604999542236329,
                "z": -40.77210235595703
            },
            "rotation": {
                "x": 0.0,
                "y": 0.999879002571106,
                "z": 0.0,
                "w": 0.01555712427943945
            },
            "scale": {
                "x": 1.0,
                "y": 1.0,
                "z": 1.0
            },
            "objectName": "VRPlayer",
            "customData": "{\"keys\":[\"TransformSavable\"],\"jsonValues\":[\"{\\\"position\\\":{\\\"x\\\":17.11393165588379,\\\"y\\\":0.12604999542236329,\\\"z\\\":-40.77210235595703},\\\"rotation\\\":{\\\"x\\\":0.0,\\\"y\\\":0.999879002571106,\\\"z\\\":0.0,\\\"w\\\":0.01555712427943945},\\\"scale\\\":{\\\"x\\\":1.0,\\\"y\\\":1.0,\\\"z\\\":1.0}}\"]}"
        },
        {
            "prefabID": "Hook",
            "position": {
                "x": 31.801332473754884,
                "y": 0.83431476354599,
                "z": -48.83174514770508
            },
            "rotation": {
                "x": 0.0,
                "y": 0.0,
                "z": 0.0,
                "w": 1.0
            },
            "scale": {
                "x": 1.0,
                "y": 1.0,
                "z": 1.0
            },
            "objectName": "Hook",
            "customData": "{\"keys\":[\"TransformSavable\"],\"jsonValues\":[\"{\\\"position\\\":{\\\"x\\\":31.801332473754884,\\\"y\\\":0.83431476354599,\\\"z\\\":-48.83174514770508},\\\"rotation\\\":{\\\"x\\\":0.0,\\\"y\\\":0.0,\\\"z\\\":0.0,\\\"w\\\":1.0},\\\"scale\\\":{\\\"x\\\":1.0,\\\"y\\\":1.0,\\\"z\\\":1.0}}\"]}"
        },
        {
            "prefabID": "DeathTrigger",
            "position": {
                "x": 20.748374938964845,
                "y": 1.8773761987686158,
                "z": -45.682437896728519
            },
            "rotation": {
                "x": 0.0,
                "y": 0.0,
                "z": 0.0,
                "w": 1.0
            },
            "scale": {
                "x": 6.458899974822998,
                "y": 3.7547523975372316,
                "z": 6.458899974822998
            },
            "objectName": "DeathTrigger",
            "customData": "{\"keys\":[\"TransformSavable\"],\"jsonValues\":[\"{\\\"position\\\":{\\\"x\\\":20.748374938964845,\\\"y\\\":1.8773761987686158,\\\"z\\\":-45.682437896728519},\\\"rotation\\\":{\\\"x\\\":0.0,\\\"y\\\":0.0,\\\"z\\\":0.0,\\\"w\\\":1.0},\\\"scale\\\":{\\\"x\\\":6.458899974822998,\\\"y\\\":3.7547523975372316,\\\"z\\\":6.458899974822998}}\"]}"
        },
        {
            "prefabID": "CheckPoint",
            "position": {
                "x": 32.75527572631836,
                "y": 3.6679768562316896,
                "z": -41.26911163330078
            },
            "rotation": {
                "x": 0.0,
                "y": 0.0,
                "z": 0.0,
                "w": 1.0
            },
            "scale": {
                "x": 7.335953712463379,
                "y": 7.335953712463379,
                "z": 7.335953712463379
            },
            "objectName": "CheckPoint",
            "customData": "{\"keys\":[\"TransformSavable\"],\"jsonValues\":[\"{\\\"position\\\":{\\\"x\\\":32.75527572631836,\\\"y\\\":3.6679768562316896,\\\"z\\\":-41.26911163330078},\\\"rotation\\\":{\\\"x\\\":0.0,\\\"y\\\":0.0,\\\"z\\\":0.0,\\\"w\\\":1.0},\\\"scale\\\":{\\\"x\\\":7.335953712463379,\\\"y\\\":7.335953712463379,\\\"z\\\":7.335953712463379}}\"]}"
        },
        {
            "prefabID": "Enemy",
            "position": {
                "x": 35.07543182373047,
                "y": -5.502564430236816,
                "z": -52.48421096801758
            },
            "rotation": {
                "x": -0.18223980069160462,
                "y": -0.1115437000989914,
                "z": -0.023839697241783143,
                "w": 0.9766157865524292
            },
            "scale": {
                "x": 1.0,
                "y": 1.0,
                "z": 1.0
            },
            "objectName": "Enemy",
            "customData": "{\"keys\":[\"EnemySavable\"],\"jsonValues\":[\"{\\\"checkBoxPosition\\\":{\\\"x\\\":27.863208770751954,\\\"y\\\":6.393866539001465,\\\"z\\\":-30.913066864013673},\\\"checkBoxRotation\\\":{\\\"x\\\":-0.343680739402771,\\\"y\\\":-0.19008922576904298,\\\"z\\\":0.28622400760650637,\\\"w\\\":0.873971164226532},\\\"checkBoxScale\\\":{\\\"x\\\":19.034801483154298,\\\"y\\\":1.1564091444015504,\\\"z\\\":22.20526695251465}}\"]}"
        }
    ]
}