{
    "saveTime": "2025-10-28 16:50:21",
    "objectCount": 2,
    "objects": [
        {
            "prefabID": "CheckPoint",
            "position": {
                "x": 45.95600891113281,
                "y": 133.97731018066407,
                "z": -9.616495132446289
            },
            "rotation": {
                "x": 0.0,
                "y": 0.5336332321166992,
                "z": 0.0,
                "w": 0.8457160592079163
            },
            "scale": {
                "x": 7.335953712463379,
                "y": 7.335953712463379,
                "z": 7.335953712463379
            },
            "objectName": "CheckPoint(Clone)",
            "customData": "{\"keys\":[\"TransformSavable\"],\"jsonValues\":[\"{\\\"position\\\":{\\\"x\\\":45.95600891113281,\\\"y\\\":133.97731018066407,\\\"z\\\":-9.616495132446289},\\\"rotation\\\":{\\\"x\\\":0.0,\\\"y\\\":0.5336332321166992,\\\"z\\\":0.0,\\\"w\\\":0.8457160592079163},\\\"scale\\\":{\\\"x\\\":7.335953712463379,\\\"y\\\":7.335953712463379,\\\"z\\\":7.335953712463379}}\"]}"
        },
        {
            "prefabID": "Enemy",
            "position": {
                "x": 62.10076141357422,
                "y": 147.22488403320313,
                "z": -13.908024787902832
            },
            "rotation": {
                "x": 0.0,
                "y": 0.36269885301589968,
                "z": 0.0,
                "w": 0.9319064021110535
            },
            "scale": {
                "x": 1.0,
                "y": 1.0,
                "z": 1.0
            },
            "objectName": "Enemy(Clone)",
            "customData": "{\"keys\":[\"EnemySavable\"],\"jsonValues\":[\"{\\\"checkBoxPosition\\\":{\\\"x\\\":77.64985656738281,\\\"y\\\":150.1248779296875,\\\"z\\\":6.307591438293457},\\\"checkBoxRotation\\\":{\\\"x\\\":0.0,\\\"y\\\":0.36269885301589968,\\\"z\\\":0.0,\\\"w\\\":0.9319064021110535},\\\"checkBoxScale\\\":{\\\"x\\\":12.67297077178955,\\\"y\\\":7.723999977111816,\\\"z\\\":14.78380012512207}}\"]}"
        }
    ]
}