{
    "saveTime": "2025-11-11 16:10:17",
    "objectCount": 3,
    "objects": [
        {
            "prefabID": "Wall",
            "position": {
                "x": -15.064982414245606,
                "y": 159.796142578125,
                "z": 66.56819915771485
            },
            "rotation": {
                "x": 0.0,
                "y": 0.3544575870037079,
                "z": 0.0,
                "w": 0.935072124004364
            },
            "scale": {
                "x": 22.705984115600587,
                "y": 8.346179008483887,
                "z": 1.0
            },
            "objectName": "Wall(Clone)",
            "customData": "{\"keys\":[\"TransformSavable\"],\"jsonValues\":[\"{\\\"position\\\":{\\\"x\\\":-15.064982414245606,\\\"y\\\":159.796142578125,\\\"z\\\":66.56819915771485},\\\"rotation\\\":{\\\"x\\\":0.0,\\\"y\\\":0.3544575870037079,\\\"z\\\":0.0,\\\"w\\\":0.935072124004364},\\\"scale\\\":{\\\"x\\\":22.705984115600587,\\\"y\\\":8.346179008483887,\\\"z\\\":1.0}}\"]}"
        },
        {
            "prefabID": "Wall",
            "position": {
                "x": -19.234174728393556,
                "y": 136.54592895507813,
                "z": 55.0306510925293
            },
            "rotation": {
                "x": 0.0,
                "y": 0.35947659611701968,
                "z": 0.0,
                "w": 0.9331541061401367
            },
            "scale": {
                "x": 22.705984115600587,
                "y": 8.346179008483887,
                "z": 1.0
            },
            "objectName": "Wall(Clone)",
            "customData": "{\"keys\":[\"TransformSavable\"],\"jsonValues\":[\"{\\\"position\\\":{\\\"x\\\":-19.234174728393556,\\\"y\\\":136.54592895507813,\\\"z\\\":55.0306510925293},\\\"rotation\\\":{\\\"x\\\":0.0,\\\"y\\\":0.35947659611701968,\\\"z\\\":0.0,\\\"w\\\":0.9331541061401367},\\\"scale\\\":{\\\"x\\\":22.705984115600587,\\\"y\\\":8.346179008483887,\\\"z\\\":1.0}}\"]}"
        },
        {
            "prefabID": "Wall",
            "position": {
                "x": -8.350257873535157,
                "y": 148.33358764648438,
                "z": 62.00010299682617
            },
            "rotation": {
                "x": 0.0,
                "y": 0.30798453092575076,
                "z": 0.0,
                "w": 0.9513913989067078
            },
            "scale": {
                "x": 22.705984115600587,
                "y": 8.346179008483887,
                "z": 1.0
            },
            "objectName": "Wall(Clone)",
            "customData": "{\"keys\":[\"TransformSavable\"],\"jsonValues\":[\"{\\\"position\\\":{\\\"x\\\":-8.350257873535157,\\\"y\\\":148.33358764648438,\\\"z\\\":62.00010299682617},\\\"rotation\\\":{\\\"x\\\":0.0,\\\"y\\\":0.30798453092575076,\\\"z\\\":0.0,\\\"w\\\":0.9513913989067078},\\\"scale\\\":{\\\"x\\\":22.705984115600587,\\\"y\\\":8.346179008483887,\\\"z\\\":1.0}}\"]}"
        }
    ]
}