{
    "saveTime": "2025-11-05 14:13:03",
    "objectCount": 6,
    "objects": [
        {
            "prefabID": "Plane",
            "position": {
                "x": -51.85379409790039,
                "y": 233.12721252441407,
                "z": 12.13221549987793
            },
            "rotation": {
                "x": 0.0,
                "y": 0.09096463024616242,
                "z": 0.0,
                "w": 0.9958541393280029
            },
            "scale": {
                "x": 11.834198951721192,
                "y": 0.7623540759086609,
                "z": 11.79063892364502
            },
            "objectName": "Plane(Clone)",
            "customData": "{\"keys\":[\"TransformSavable\"],\"jsonValues\":[\"{\\\"position\\\":{\\\"x\\\":-51.85379409790039,\\\"y\\\":233.12721252441407,\\\"z\\\":12.13221549987793},\\\"rotation\\\":{\\\"x\\\":0.0,\\\"y\\\":0.09096463024616242,\\\"z\\\":0.0,\\\"w\\\":0.9958541393280029},\\\"scale\\\":{\\\"x\\\":11.834198951721192,\\\"y\\\":0.7623540759086609,\\\"z\\\":11.79063892364502}}\"]}"
        },
        {
            "prefabID": "CheckPoint",
            "position": {
                "x": -54.69723892211914,
                "y": 241.89498901367188,
                "z": 31.711774826049806
            },
            "rotation": {
                "x": 0.0,
                "y": 0.09196910262107849,
                "z": 0.0,
                "w": 0.9957618713378906
            },
            "scale": {
                "x": 7.335953712463379,
                "y": 7.335953712463379,
                "z": 7.335953712463379
            },
            "objectName": "CheckPoint(Clone)",
            "customData": "{\"keys\":[\"TransformSavable\"],\"jsonValues\":[\"{\\\"position\\\":{\\\"x\\\":-54.69723892211914,\\\"y\\\":241.89498901367188,\\\"z\\\":31.711774826049806},\\\"rotation\\\":{\\\"x\\\":0.0,\\\"y\\\":0.09196910262107849,\\\"z\\\":0.0,\\\"w\\\":0.9957618713378906},\\\"scale\\\":{\\\"x\\\":7.335953712463379,\\\"y\\\":7.335953712463379,\\\"z\\\":7.335953712463379}}\"]}"
        },
        {
            "prefabID": "CheckPoint",
            "position": {
                "x": -53.65066909790039,
                "y": 256.67254638671877,
                "z": 64.27788543701172
            },
            "rotation": {
                "x": 0.0,
                "y": 0.42779797315597536,
                "z": 0.0,
                "w": 0.903874397277832
            },
            "scale": {
                "x": 7.335953712463379,
                "y": 7.335953712463379,
                "z": 7.335953712463379
            },
            "objectName": "CheckPoint(Clone)",
            "customData": "{\"keys\":[\"TransformSavable\"],\"jsonValues\":[\"{\\\"position\\\":{\\\"x\\\":-53.65066909790039,\\\"y\\\":256.67254638671877,\\\"z\\\":64.27788543701172},\\\"rotation\\\":{\\\"x\\\":0.0,\\\"y\\\":0.42779797315597536,\\\"z\\\":0.0,\\\"w\\\":0.903874397277832},\\\"scale\\\":{\\\"x\\\":7.335953712463379,\\\"y\\\":7.335953712463379,\\\"z\\\":7.335953712463379}}\"]}"
        },
        {
            "prefabID": "DeathTrigger",
            "position": {
                "x": -62.277198791503909,
                "y": 236.81398010253907,
                "z": 28.707067489624025
            },
            "rotation": {
                "x": 0.0,
                "y": 0.18182151019573213,
                "z": 0.0,
                "w": 0.983331561088562
            },
            "scale": {
                "x": 6.458899974822998,
                "y": 3.7547523975372316,
                "z": 6.458899974822998
            },
            "objectName": "DeathTrigger(Clone)",
            "customData": "{\"keys\":[\"TransformSavable\"],\"jsonValues\":[\"{\\\"position\\\":{\\\"x\\\":-62.277198791503909,\\\"y\\\":236.81398010253907,\\\"z\\\":28.707067489624025},\\\"rotation\\\":{\\\"x\\\":0.0,\\\"y\\\":0.18182151019573213,\\\"z\\\":0.0,\\\"w\\\":0.983331561088562},\\\"scale\\\":{\\\"x\\\":6.458899974822998,\\\"y\\\":3.7547523975372316,\\\"z\\\":6.458899974822998}}\"]}"
        },
        {
            "prefabID": "Wall",
            "position": {
                "x": -53.55451202392578,
                "y": 225.9539337158203,
                "z": 11.708501815795899
            },
            "rotation": {
                "x": 0.0,
                "y": 0.0833384171128273,
                "z": 0.0,
                "w": 0.9965212941169739
            },
            "scale": {
                "x": 22.705984115600587,
                "y": 8.346179008483887,
                "z": 1.0
            },
            "objectName": "Wall(Clone)",
            "customData": "{\"keys\":[\"TransformSavable\"],\"jsonValues\":[\"{\\\"position\\\":{\\\"x\\\":-53.55451202392578,\\\"y\\\":225.9539337158203,\\\"z\\\":11.708501815795899},\\\"rotation\\\":{\\\"x\\\":0.0,\\\"y\\\":0.0833384171128273,\\\"z\\\":0.0,\\\"w\\\":0.9965212941169739},\\\"scale\\\":{\\\"x\\\":22.705984115600587,\\\"y\\\":8.346179008483887,\\\"z\\\":1.0}}\"]}"
        },
        {
            "prefabID": "Enemy",
            "position": {
                "x": -55.47178649902344,
                "y": 242.0653533935547,
                "z": 29.939977645874025
            },
            "rotation": {
                "x": 0.0,
                "y": 0.06649862974882126,
                "z": 0.0,
                "w": 0.9977865815162659
            },
            "scale": {
                "x": 1.0,
                "y": 1.0,
                "z": 1.0
            },
            "objectName": "Enemy(Clone)",
            "customData": "{\"keys\":[\"EnemySavable\"],\"jsonValues\":[\"{\\\"checkBoxPosition\\\":{\\\"x\\\":-54.28823471069336,\\\"y\\\":244.96534729003907,\\\"z\\\":55.41633605957031},\\\"checkBoxRotation\\\":{\\\"x\\\":0.0,\\\"y\\\":0.06649862974882126,\\\"z\\\":0.0,\\\"w\\\":0.9977865815162659},\\\"checkBoxScale\\\":{\\\"x\\\":12.67297077178955,\\\"y\\\":7.723999977111816,\\\"z\\\":14.78380012512207}}\"]}"
        }
    ]
}