{
    "saveTime": "2025-10-29 11:07:21",
    "objectCount": 3,
    "objects": [
        {
            "prefabID": "Plane",
            "position": {
                "x": 83.8764419555664,
                "y": 139.853515625,
                "z": -2.2046241760253908
            },
            "rotation": {
                "x": 0.0,
                "y": 0.2334517538547516,
                "z": 0.0,
                "w": 0.9723684191703796
            },
            "scale": {
                "x": 11.834198951721192,
                "y": 0.7623540759086609,
                "z": 11.79063892364502
            },
            "objectName": "Plane(Clone)",
            "customData": "{\"keys\":[\"TransformSavable\"],\"jsonValues\":[\"{\\\"position\\\":{\\\"x\\\":83.8764419555664,\\\"y\\\":139.853515625,\\\"z\\\":-2.2046241760253908},\\\"rotation\\\":{\\\"x\\\":0.0,\\\"y\\\":0.2334517538547516,\\\"z\\\":0.0,\\\"w\\\":0.9723684191703796},\\\"scale\\\":{\\\"x\\\":11.834198951721192,\\\"y\\\":0.7623540759086609,\\\"z\\\":11.79063892364502}}\"]}"
        },
        {
            "prefabID": "Wall",
            "position": {
                "x": 66.84681701660156,
                "y": 145.5076446533203,
                "z": 2.1493985652923586
            },
            "rotation": {
                "x": 0.0,
                "y": 0.3822632431983948,
                "z": 0.0,
                "w": 0.9240535497665405
            },
            "scale": {
                "x": 22.705984115600587,
                "y": 8.346179008483887,
                "z": 1.0
            },
            "objectName": "Wall(Clone)",
            "customData": "{\"keys\":[\"TransformSavable\"],\"jsonValues\":[\"{\\\"position\\\":{\\\"x\\\":66.84681701660156,\\\"y\\\":145.5076446533203,\\\"z\\\":2.1493985652923586},\\\"rotation\\\":{\\\"x\\\":0.0,\\\"y\\\":0.3822632431983948,\\\"z\\\":0.0,\\\"w\\\":0.9240535497665405},\\\"scale\\\":{\\\"x\\\":22.705984115600587,\\\"y\\\":8.346179008483887,\\\"z\\\":1.0}}\"]}"
        },
        {
            "prefabID": "VRPlayer",
            "position": {
                "x": 84.38603973388672,
                "y": 144.46279907226563,
                "z": -1.635926604270935
            },
            "rotation": {
                "x": 0.0,
                "y": 0.12431478500366211,
                "z": 0.0,
                "w": 0.9922428727149963
            },
            "scale": {
                "x": 1.0,
                "y": 1.0,
                "z": 1.0
            },
            "objectName": "VRPlayer(Clone)",
            "customData": "{\"keys\":[\"VRPlayerSavable\"],\"jsonValues\":[\"{\\\"position\\\":{\\\"x\\\":84.38603973388672,\\\"y\\\":144.46279907226563,\\\"z\\\":-1.635926604270935},\\\"rotation\\\":{\\\"x\\\":0.0,\\\"y\\\":0.12431478500366211,\\\"z\\\":0.0,\\\"w\\\":0.9922428727149963},\\\"scale\\\":{\\\"x\\\":1.0,\\\"y\\\":1.0,\\\"z\\\":1.0}}\"]}"
        }
    ]
}