{
    "saveTime": "2025-10-28 16:27:14",
    "objectCount": 5,
    "objects": [
        {
            "prefabID": "VRPlayer",
            "position": {
                "x": 2.677703619003296,
                "y": 119.99535369873047,
                "z": -46.22405242919922
            },
            "rotation": {
                "x": 0.0,
                "y": 0.2345239818096161,
                "z": 0.0,
                "w": 0.972110390663147
            },
            "scale": {
                "x": 1.0,
                "y": 1.0,
                "z": 1.0
            },
            "objectName": "VRPlayer(Clone)",
            "customData": "{\"keys\":[\"VRPlayerSavable\"],\"jsonValues\":[\"{\\\"position\\\":{\\\"x\\\":2.677703619003296,\\\"y\\\":119.99535369873047,\\\"z\\\":-46.22405242919922},\\\"rotation\\\":{\\\"x\\\":0.0,\\\"y\\\":0.2345239818096161,\\\"z\\\":0.0,\\\"w\\\":0.972110390663147},\\\"scale\\\":{\\\"x\\\":1.0,\\\"y\\\":1.0,\\\"z\\\":1.0}}\"]}"
        },
        {
            "prefabID": "Hook",
            "position": {
                "x": -13.626946449279786,
                "y": 137.41444396972657,
                "z": -46.95503616333008
            },
            "rotation": {
                "x": 0.0,
                "y": 0.2908743619918823,
                "z": 0.0,
                "w": 0.9567612409591675
            },
            "scale": {
                "x": 1.0,
                "y": 1.0,
                "z": 1.0
            },
            "objectName": "Hook(Clone)",
            "customData": "{\"keys\":[\"TransformSavable\"],\"jsonValues\":[\"{\\\"position\\\":{\\\"x\\\":-13.626946449279786,\\\"y\\\":137.41444396972657,\\\"z\\\":-46.95503616333008},\\\"rotation\\\":{\\\"x\\\":0.0,\\\"y\\\":0.2908743619918823,\\\"z\\\":0.0,\\\"w\\\":0.9567612409591675},\\\"scale\\\":{\\\"x\\\":1.0,\\\"y\\\":1.0,\\\"z\\\":1.0}}\"]}"
        },
        {
            "prefabID": "CheckPoint",
            "position": {
                "x": 12.924172401428223,
                "y": 112.41719818115235,
                "z": -46.88359069824219
            },
            "rotation": {
                "x": 0.0,
                "y": 0.20184805989265443,
                "z": 0.0,
                "w": 0.9794168472290039
            },
            "scale": {
                "x": 7.335953712463379,
                "y": 7.335953712463379,
                "z": 7.335953712463379
            },
            "objectName": "CheckPoint(Clone)",
            "customData": "{\"keys\":[\"TransformSavable\"],\"jsonValues\":[\"{\\\"position\\\":{\\\"x\\\":12.924172401428223,\\\"y\\\":112.41719818115235,\\\"z\\\":-46.88359069824219},\\\"rotation\\\":{\\\"x\\\":0.0,\\\"y\\\":0.20184805989265443,\\\"z\\\":0.0,\\\"w\\\":0.9794168472290039},\\\"scale\\\":{\\\"x\\\":7.335953712463379,\\\"y\\\":7.335953712463379,\\\"z\\\":7.335953712463379}}\"]}"
        },
        {
            "prefabID": "Wall",
            "position": {
                "x": -23.397926330566408,
                "y": 137.49139404296876,
                "z": -49.717994689941409
            },
            "rotation": {
                "x": 0.0,
                "y": 0.4627155065536499,
                "z": 0.0,
                "w": 0.8865068554878235
            },
            "scale": {
                "x": 22.705984115600587,
                "y": 8.346179008483887,
                "z": 1.0
            },
            "objectName": "Wall(Clone)",
            "customData": "{\"keys\":[\"TransformSavable\"],\"jsonValues\":[\"{\\\"position\\\":{\\\"x\\\":-23.397926330566408,\\\"y\\\":137.49139404296876,\\\"z\\\":-49.717994689941409},\\\"rotation\\\":{\\\"x\\\":0.0,\\\"y\\\":0.4627155065536499,\\\"z\\\":0.0,\\\"w\\\":0.8865068554878235},\\\"scale\\\":{\\\"x\\\":22.705984115600587,\\\"y\\\":8.346179008483887,\\\"z\\\":1.0}}\"]}"
        },
        {
            "prefabID": "Enemy",
            "position": {
                "x": 1.232028603553772,
                "y": 150.14395141601563,
                "z": -39.10097885131836
            },
            "rotation": {
                "x": 0.0,
                "y": 0.17352090775966645,
                "z": 0.0,
                "w": 0.9848302006721497
            },
            "scale": {
                "x": 1.0,
                "y": 1.0,
                "z": 1.0
            },
            "objectName": "Enemy(Clone)",
            "customData": "{\"keys\":[\"EnemySavable\"],\"jsonValues\":[\"{\\\"checkBoxPosition\\\":{\\\"x\\\":7.841185569763184,\\\"y\\\":153.0439453125,\\\"z\\\":-14.468387603759766},\\\"checkBoxRotation\\\":{\\\"x\\\":0.0,\\\"y\\\":0.17352090775966645,\\\"z\\\":0.0,\\\"w\\\":0.9848302006721497},\\\"checkBoxScale\\\":{\\\"x\\\":12.67297077178955,\\\"y\\\":7.723999977111816,\\\"z\\\":14.78380012512207}}\"]}"
        }
    ]
}