{
    "saveTime": "2025-11-21 10:52:24",
    "saveName": "333",
    "objectCount": 5,
    "centerPosition": {
        "x": -20.127553939819337,
        "y": 271.17156982421877,
        "z": 102.37646484375
    },
    "objects": [
        {
            "prefabID": "BounceCube",
            "position": {
                "x": -17.942834854125978,
                "y": -38.93150329589844,
                "z": -1.718292236328125
            },
            "rotation": {
                "x": -0.11031485348939896,
                "y": -0.0027473673690110447,
                "z": 0.9517244696617127,
                "w": -0.2864325940608978
            },
            "scale": {
                "x": 54.46638488769531,
                "y": 5.165628433227539,
                "z": 22.95450210571289
            },
            "objectName": "BounceCube(Clone)(Clone)(Clone)(Clone)(Clone)",
            "customData": "{\"keys\":[\"TransformSavable\"],\"jsonValues\":[\"{\\\"position\\\":{\\\"x\\\":-38.07038879394531,\\\"y\\\":232.2400665283203,\\\"z\\\":100.65817260742188},\\\"rotation\\\":{\\\"x\\\":-0.11031485348939896,\\\"y\\\":-0.0027473673690110447,\\\"z\\\":0.9517244696617127,\\\"w\\\":-0.2864325940608978},\\\"scale\\\":{\\\"x\\\":54.46638488769531,\\\"y\\\":5.165628433227539,\\\"z\\\":22.95450210571289},\\\"configItems\\\":[{\\\"name\\\":\\\"bounceForceMultiplier\\\",\\\"value\\\":\\\"30\\\",\\\"type\\\":1}]}\"]}"
        },
        {
            "prefabID": "BounceCube",
            "position": {
                "x": -26.945512771606447,
                "y": -11.658599853515625,
                "z": 0.5179367065429688
            },
            "rotation": {
                "x": 0.001999883446842432,
                "y": 0.06710352748632431,
                "z": 0.9890301823616028,
                "w": 0.131576806306839
            },
            "scale": {
                "x": 54.46638488769531,
                "y": 5.165628433227539,
                "z": 22.95450210571289
            },
            "objectName": "BounceCube(Clone)(Clone)(Clone)(Clone)",
            "customData": "{\"keys\":[\"TransformSavable\"],\"jsonValues\":[\"{\\\"position\\\":{\\\"x\\\":-47.07306671142578,\\\"y\\\":259.5129699707031,\\\"z\\\":102.89440155029297},\\\"rotation\\\":{\\\"x\\\":0.001999883446842432,\\\"y\\\":0.06710352748632431,\\\"z\\\":0.9890301823616028,\\\"w\\\":0.131576806306839},\\\"scale\\\":{\\\"x\\\":54.46638488769531,\\\"y\\\":5.165628433227539,\\\"z\\\":22.95450210571289},\\\"configItems\\\":[{\\\"name\\\":\\\"bounceForceMultiplier\\\",\\\"value\\\":\\\"30\\\",\\\"type\\\":1}]}\"]}"
        },
        {
            "prefabID": "BounceCube",
            "position": {
                "x": -10.515592575073243,
                "y": 11.862457275390625,
                "z": 3.94854736328125
            },
            "rotation": {
                "x": 0.10844806581735611,
                "y": 0.06711575388908386,
                "z": 0.8888649344444275,
                "w": 0.44006097316741946
            },
            "scale": {
                "x": 54.46638488769531,
                "y": 5.165628433227539,
                "z": 22.95450210571289
            },
            "objectName": "BounceCube(Clone)(Clone)(Clone)",
            "customData": "{\"keys\":[\"TransformSavable\"],\"jsonValues\":[\"{\\\"position\\\":{\\\"x\\\":-30.643146514892579,\\\"y\\\":283.0340270996094,\\\"z\\\":106.32501220703125},\\\"rotation\\\":{\\\"x\\\":0.10844806581735611,\\\"y\\\":0.06711575388908386,\\\"z\\\":0.8888649344444275,\\\"w\\\":0.44006097316741946},\\\"scale\\\":{\\\"x\\\":54.46638488769531,\\\"y\\\":5.165628433227539,\\\"z\\\":22.95450210571289},\\\"configItems\\\":[{\\\"name\\\":\\\"bounceForceMultiplier\\\",\\\"value\\\":\\\"30\\\",\\\"type\\\":1}]}\"]}"
        },
        {
            "prefabID": "BounceCube",
            "position": {
                "x": 14.618404388427735,
                "y": 22.697174072265626,
                "z": 3.44073486328125
            },
            "rotation": {
                "x": 0.1798345297574997,
                "y": 0.06175120919942856,
                "z": 0.7036199569702148,
                "w": 0.6846643686294556
            },
            "scale": {
                "x": 54.46638488769531,
                "y": 5.165628433227539,
                "z": 22.95450210571289
            },
            "objectName": "BounceCube(Clone)(Clone)",
            "customData": "{\"keys\":[\"TransformSavable\"],\"jsonValues\":[\"{\\\"position\\\":{\\\"x\\\":-5.509149074554443,\\\"y\\\":293.8687438964844,\\\"z\\\":105.81719970703125},\\\"rotation\\\":{\\\"x\\\":0.1798345297574997,\\\"y\\\":0.06175120919942856,\\\"z\\\":0.7036199569702148,\\\"w\\\":0.6846643686294556},\\\"scale\\\":{\\\"x\\\":54.46638488769531,\\\"y\\\":5.165628433227539,\\\"z\\\":22.95450210571289},\\\"configItems\\\":[{\\\"name\\\":\\\"bounceForceMultiplier\\\",\\\"value\\\":\\\"30\\\",\\\"type\\\":1}]}\"]}"
        },
        {
            "prefabID": "BounceCube",
            "position": {
                "x": 40.78553771972656,
                "y": 16.030364990234376,
                "z": -6.188934326171875
            },
            "rotation": {
                "x": 0.19799166917800904,
                "y": 0.11659709364175797,
                "z": 0.41928309202194216,
                "w": 0.8782972693443298
            },
            "scale": {
                "x": 54.46638488769531,
                "y": 5.165628433227539,
                "z": 22.95450210571289
            },
            "objectName": "BounceCube(Clone)",
            "customData": "{\"keys\":[\"TransformSavable\"],\"jsonValues\":[\"{\\\"position\\\":{\\\"x\\\":20.657983779907228,\\\"y\\\":287.2019348144531,\\\"z\\\":96.18753051757813},\\\"rotation\\\":{\\\"x\\\":0.19799166917800904,\\\"y\\\":0.11659709364175797,\\\"z\\\":0.41928309202194216,\\\"w\\\":0.8782972693443298},\\\"scale\\\":{\\\"x\\\":54.46638488769531,\\\"y\\\":5.165628433227539,\\\"z\\\":22.95450210571289},\\\"configItems\\\":[{\\\"name\\\":\\\"bounceForceMultiplier\\\",\\\"value\\\":\\\"30\\\",\\\"type\\\":1}]}\"]}"
        }
    ]
}