{
    "saveTime": "2025-11-21 15:03:24",
    "saveName": "未命名存档",
    "objectCount": 5,
    "centerPosition": {
        "x": -19.72232437133789,
        "y": 202.65914916992188,
        "z": 20.180749893188478
    },
    "objects": [
        {
            "prefabID": "Wall",
            "position": {
                "x": -7.978759765625,
                "y": -3.734893798828125,
                "z": 18.946260452270509
            },
            "rotation": {
                "x": 4.555973731612539e-8,
                "y": -0.9276229739189148,
                "z": 1.1852575454440739e-7,
                "w": -0.37351787090301516
            },
            "scale": {
                "x": 22.705984115600587,
                "y": 8.346179008483887,
                "z": 1.0
            },
            "objectName": "Wall(Clone)(Clone)(Clone)(Clone)",
            "customData": "{\"keys\":[\"TransformSavable\"],\"jsonValues\":[\"{\\\"position\\\":{\\\"x\\\":-27.70108413696289,\\\"y\\\":198.92425537109376,\\\"z\\\":39.127010345458987},\\\"rotation\\\":{\\\"x\\\":4.555973731612539e-8,\\\"y\\\":-0.9276229739189148,\\\"z\\\":1.1852575454440739e-7,\\\"w\\\":-0.37351787090301516},\\\"scale\\\":{\\\"x\\\":22.705984115600587,\\\"y\\\":8.346179008483887,\\\"z\\\":1.0},\\\"configItems\\\":[]}\"]}"
        },
        {
            "prefabID": "Wall",
            "position": {
                "x": 4.547748565673828,
                "y": -1.426544189453125,
                "z": 9.863733291625977
            },
            "rotation": {
                "x": 8.776126492193726e-8,
                "y": -0.7036972045898438,
                "z": 9.334658557236253e-8,
                "w": -0.7105001211166382
            },
            "scale": {
                "x": 22.705984115600587,
                "y": 8.346179008483887,
                "z": 1.0
            },
            "objectName": "Wall(Clone)(Clone)(Clone)",
            "customData": "{\"keys\":[\"TransformSavable\"],\"jsonValues\":[\"{\\\"position\\\":{\\\"x\\\":-15.174575805664063,\\\"y\\\":201.23260498046876,\\\"z\\\":30.044483184814454},\\\"rotation\\\":{\\\"x\\\":8.776126492193726e-8,\\\"y\\\":-0.7036972045898438,\\\"z\\\":9.334658557236253e-8,\\\"w\\\":-0.7105001211166382},\\\"scale\\\":{\\\"x\\\":22.705984115600587,\\\"y\\\":8.346179008483887,\\\"z\\\":1.0},\\\"configItems\\\":[]}\"]}"
        },
        {
            "prefabID": "Wall",
            "position": {
                "x": 2.1001052856445314,
                "y": 2.4029083251953127,
                "z": -14.596960067749024
            },
            "rotation": {
                "x": 0.0,
                "y": 0.6898224949836731,
                "z": 0.0,
                "w": 0.723978579044342
            },
            "scale": {
                "x": 22.705984115600587,
                "y": 8.346179008483887,
                "z": 1.0
            },
            "objectName": "Wall(Clone)(Clone)(Clone)",
            "customData": "{\"keys\":[\"TransformSavable\"],\"jsonValues\":[\"{\\\"position\\\":{\\\"x\\\":-17.62221908569336,\\\"y\\\":205.0620574951172,\\\"z\\\":5.583789825439453},\\\"rotation\\\":{\\\"x\\\":0.0,\\\"y\\\":0.6898224949836731,\\\"z\\\":0.0,\\\"w\\\":0.723978579044342},\\\"scale\\\":{\\\"x\\\":22.705984115600587,\\\"y\\\":8.346179008483887,\\\"z\\\":1.0},\\\"configItems\\\":[]}\"]}"
        },
        {
            "prefabID": "Wall",
            "position": {
                "x": 12.099235534667969,
                "y": 2.663970947265625,
                "z": -8.207294464111329
            },
            "rotation": {
                "x": 0.0,
                "y": 0.4549810588359833,
                "z": 0.0,
                "w": 0.8905011415481567
            },
            "scale": {
                "x": 22.705984115600587,
                "y": 8.346179008483887,
                "z": 1.0
            },
            "objectName": "Wall(Clone)(Clone)",
            "customData": "{\"keys\":[\"TransformSavable\"],\"jsonValues\":[\"{\\\"position\\\":{\\\"x\\\":-7.62308931350708,\\\"y\\\":205.3231201171875,\\\"z\\\":11.973455429077149},\\\"rotation\\\":{\\\"x\\\":0.0,\\\"y\\\":0.4549810588359833,\\\"z\\\":0.0,\\\"w\\\":0.8905011415481567},\\\"scale\\\":{\\\"x\\\":22.705984115600587,\\\"y\\\":8.346179008483887,\\\"z\\\":1.0},\\\"configItems\\\":[]}\"]}"
        },
        {
            "prefabID": "Wall",
            "position": {
                "x": -10.76832389831543,
                "y": 0.0945587158203125,
                "z": -6.005738258361816
            },
            "rotation": {
                "x": 0.0,
                "y": 0.9202246069908142,
                "z": 0.0,
                "w": 0.3913908004760742
            },
            "scale": {
                "x": 22.705984115600587,
                "y": 8.346179008483887,
                "z": 1.0
            },
            "objectName": "Wall(Clone)(Clone)(Clone)(Clone)",
            "customData": "{\"keys\":[\"TransformSavable\"],\"jsonValues\":[\"{\\\"position\\\":{\\\"x\\\":-30.49064826965332,\\\"y\\\":202.7537078857422,\\\"z\\\":14.17501163482666},\\\"rotation\\\":{\\\"x\\\":0.0,\\\"y\\\":0.9202246069908142,\\\"z\\\":0.0,\\\"w\\\":0.3913908004760742},\\\"scale\\\":{\\\"x\\\":22.705984115600587,\\\"y\\\":8.346179008483887,\\\"z\\\":1.0},\\\"configItems\\\":[]}\"]}"
        }
    ]
}