{
    "saveTime": "2025-11-20 14:30:43",
    "objectCount": 4,
    "centerPosition": {
        "x": -6.670086860656738,
        "y": 203.85690307617188,
        "z": -53.07076644897461
    },
    "objects": [
        {
            "prefabID": "Plane",
            "position": {
                "x": 7.318868637084961,
                "y": -14.730865478515625,
                "z": -8.689620971679688
            },
            "rotation": {
                "x": 0.0,
                "y": 0.33032268285751345,
                "z": 0.0,
                "w": 0.943868100643158
            },
            "scale": {
                "x": 11.834198951721192,
                "y": 0.7623540759086609,
                "z": 11.79063892364502
            },
            "objectName": "Plane(Clone)",
            "customData": "{\"keys\":[\"TransformSavable\"],\"jsonValues\":[\"{\\\"position\\\":{\\\"x\\\":0.648781955242157,\\\"y\\\":189.12603759765626,\\\"z\\\":-61.7603874206543},\\\"rotation\\\":{\\\"x\\\":0.0,\\\"y\\\":0.33032268285751345,\\\"z\\\":0.0,\\\"w\\\":0.943868100643158},\\\"scale\\\":{\\\"x\\\":11.834198951721192,\\\"y\\\":0.7623540759086609,\\\"z\\\":11.79063892364502},\\\"configItems\\\":[]}\"]}"
        },
        {
            "prefabID": "Wall",
            "position": {
                "x": 10.012663841247559,
                "y": 2.3804168701171877,
                "z": 2.2002105712890627
            },
            "rotation": {
                "x": 0.0,
                "y": 0.3157130777835846,
                "z": 0.0,
                "w": 0.9488547444343567
            },
            "scale": {
                "x": 22.705984115600587,
                "y": 8.346179008483887,
                "z": 1.0
            },
            "objectName": "Wall(Clone)",
            "customData": "{\"keys\":[\"TransformSavable\"],\"jsonValues\":[\"{\\\"position\\\":{\\\"x\\\":3.342576742172241,\\\"y\\\":206.23731994628907,\\\"z\\\":-50.87055587768555},\\\"rotation\\\":{\\\"x\\\":0.0,\\\"y\\\":0.3157130777835846,\\\"z\\\":0.0,\\\"w\\\":0.9488547444343567},\\\"scale\\\":{\\\"x\\\":22.705984115600587,\\\"y\\\":8.346179008483887,\\\"z\\\":1.0},\\\"configItems\\\":[]}\"]}"
        },
        {
            "prefabID": "Wall",
            "position": {
                "x": -2.257807731628418,
                "y": 5.70257568359375,
                "z": 2.5656814575195314
            },
            "rotation": {
                "x": 0.0,
                "y": 0.5537011027336121,
                "z": 0.0,
                "w": 0.8327155709266663
            },
            "scale": {
                "x": 22.705984115600587,
                "y": 8.346179008483887,
                "z": 1.0
            },
            "objectName": "Wall(Clone)(Clone)",
            "customData": "{\"keys\":[\"TransformSavable\"],\"jsonValues\":[\"{\\\"position\\\":{\\\"x\\\":-8.927894592285157,\\\"y\\\":209.55947875976563,\\\"z\\\":-50.50508499145508},\\\"rotation\\\":{\\\"x\\\":0.0,\\\"y\\\":0.5537011027336121,\\\"z\\\":0.0,\\\"w\\\":0.8327155709266663},\\\"scale\\\":{\\\"x\\\":22.705984115600587,\\\"y\\\":8.346179008483887,\\\"z\\\":1.0},\\\"configItems\\\":[]}\"]}"
        },
        {
            "prefabID": "Wall",
            "position": {
                "x": -15.073723793029786,
                "y": 6.6478424072265629,
                "z": 3.9237289428710939
            },
            "rotation": {
                "x": 0.0,
                "y": 0.7251575589179993,
                "z": 0.0,
                "w": 0.6885829567909241
            },
            "scale": {
                "x": 22.705984115600587,
                "y": 8.346179008483887,
                "z": 1.0
            },
            "objectName": "Wall(Clone)(Clone)(Clone)",
            "customData": "{\"keys\":[\"TransformSavable\"],\"jsonValues\":[\"{\\\"position\\\":{\\\"x\\\":-21.743810653686525,\\\"y\\\":210.50474548339845,\\\"z\\\":-49.147037506103519},\\\"rotation\\\":{\\\"x\\\":0.0,\\\"y\\\":0.7251575589179993,\\\"z\\\":0.0,\\\"w\\\":0.6885829567909241},\\\"scale\\\":{\\\"x\\\":22.705984115600587,\\\"y\\\":8.346179008483887,\\\"z\\\":1.0},\\\"configItems\\\":[]}\"]}"
        }
    ]
}