{
    "saveTime": "2025-11-21 13:49:44",
    "saveName": "66",
    "objectCount": 2,
    "centerPosition": {
        "x": -28.49726104736328,
        "y": 212.40982055664063,
        "z": -17.600540161132814
    },
    "objects": [
        {
            "prefabID": "DeathTrigger",
            "position": {
                "x": -0.2948493957519531,
                "y": -0.1627197265625,
                "z": 0.09601974487304688
            },
            "rotation": {
                "x": 0.0,
                "y": 0.3788131773471832,
                "z": 0.0,
                "w": 0.9254732131958008
            },
            "scale": {
                "x": 26.954980850219728,
                "y": 3.7547523975372316,
                "z": 6.458899974822998
            },
            "objectName": "DeathTrigger(Clone)",
            "customData": "{\"keys\":[\"TransformSavable\"],\"jsonValues\":[\"{\\\"position\\\":{\\\"x\\\":-28.792110443115236,\\\"y\\\":212.24710083007813,\\\"z\\\":-17.504520416259767},\\\"rotation\\\":{\\\"x\\\":0.0,\\\"y\\\":0.3788131773471832,\\\"z\\\":0.0,\\\"w\\\":0.9254732131958008},\\\"scale\\\":{\\\"x\\\":26.954980850219728,\\\"y\\\":3.7547523975372316,\\\"z\\\":6.458899974822998},\\\"configItems\\\":[]}\"]}"
        },
        {
            "prefabID": "DeathTrigger",
            "position": {
                "x": 0.2948493957519531,
                "y": 0.1627197265625,
                "z": -0.09602165222167969
            },
            "rotation": {
                "x": 0.0,
                "y": -0.40964072942733767,
                "z": 0.0,
                "w": 0.9122469425201416
            },
            "scale": {
                "x": 26.954980850219728,
                "y": 3.7547523975372316,
                "z": 6.458899974822998
            },
            "objectName": "DeathTrigger(Clone)(Clone)",
            "customData": "{\"keys\":[\"TransformSavable\"],\"jsonValues\":[\"{\\\"position\\\":{\\\"x\\\":-28.202411651611329,\\\"y\\\":212.57254028320313,\\\"z\\\":-17.696561813354493},\\\"rotation\\\":{\\\"x\\\":0.0,\\\"y\\\":-0.40964072942733767,\\\"z\\\":0.0,\\\"w\\\":0.9122469425201416},\\\"scale\\\":{\\\"x\\\":26.954980850219728,\\\"y\\\":3.7547523975372316,\\\"z\\\":6.458899974822998},\\\"configItems\\\":[]}\"]}"
        }
    ]
}