{
    "saveTime": "2025-11-21 17:01:01",
    "saveName": "789",
    "objectCount": 6,
    "centerPosition": {
        "x": -12.230133056640625,
        "y": 205.1508331298828,
        "z": -53.26738357543945
    },
    "objects": [
        {
            "prefabID": "BounceCube",
            "position": {
                "x": -1.0670719146728516,
                "y": -20.551101684570314,
                "z": -2.9709396362304689
            },
            "rotation": {
                "x": -0.02546008676290512,
                "y": 0.2240959107875824,
                "z": 0.021242965012788774,
                "w": 0.9740028977394104
            },
            "scale": {
                "x": 54.46638488769531,
                "y": 5.165628433227539,
                "z": 22.95450210571289
            },
            "objectName": "BounceCube(Clone)(Clone)",
            "customData": "{\"keys\":[\"TransformSavable\"],\"jsonValues\":[\"{\\\"position\\\":{\\\"x\\\":-13.297204971313477,\\\"y\\\":184.5997314453125,\\\"z\\\":-56.23832321166992},\\\"rotation\\\":{\\\"x\\\":-0.02546008676290512,\\\"y\\\":0.2240959107875824,\\\"z\\\":0.021242965012788774,\\\"w\\\":0.9740028977394104},\\\"scale\\\":{\\\"x\\\":54.46638488769531,\\\"y\\\":5.165628433227539,\\\"z\\\":22.95450210571289},\\\"configItems\\\":[{\\\"name\\\":\\\"bounceForceMultiplier\\\",\\\"value\\\":\\\"30\\\",\\\"type\\\":1}]}\"]}"
        },
        {
            "prefabID": "BounceCube",
            "position": {
                "x": -20.84595489501953,
                "y": 11.453567504882813,
                "z": 10.445549011230469
            },
            "rotation": {
                "x": 0.17619240283966065,
                "y": 0.13563953340053559,
                "z": 0.6996904015541077,
                "w": 0.6789635419845581
            },
            "scale": {
                "x": 54.46638488769531,
                "y": 5.165628433227539,
                "z": 22.95450210571289
            },
            "objectName": "BounceCube(Clone)",
            "customData": "{\"keys\":[\"TransformSavable\"],\"jsonValues\":[\"{\\\"position\\\":{\\\"x\\\":-33.076087951660159,\\\"y\\\":216.60440063476563,\\\"z\\\":-42.821834564208987},\\\"rotation\\\":{\\\"x\\\":0.17619240283966065,\\\"y\\\":0.13563953340053559,\\\"z\\\":0.6996904015541077,\\\"w\\\":0.6789635419845581},\\\"scale\\\":{\\\"x\\\":54.46638488769531,\\\"y\\\":5.165628433227539,\\\"z\\\":22.95450210571289},\\\"configItems\\\":[{\\\"name\\\":\\\"bounceForceMultiplier\\\",\\\"value\\\":\\\"30\\\",\\\"type\\\":1}]}\"]}"
        },
        {
            "prefabID": "CheckPoint",
            "position": {
                "x": -6.425321578979492,
                "y": 6.5296478271484379,
                "z": 8.626380920410157
            },
            "rotation": {
                "x": 0.0,
                "y": 0.3034314513206482,
                "z": 0.0,
                "w": 0.952853262424469
            },
            "scale": {
                "x": 7.335953712463379,
                "y": 7.335953712463379,
                "z": 7.335953712463379
            },
            "objectName": "CheckPoint(Clone)",
            "customData": "{\"keys\":[\"TransformSavable\"],\"jsonValues\":[\"{\\\"position\\\":{\\\"x\\\":-18.655454635620118,\\\"y\\\":211.68048095703126,\\\"z\\\":-44.6410026550293},\\\"rotation\\\":{\\\"x\\\":0.0,\\\"y\\\":0.3034314513206482,\\\"z\\\":0.0,\\\"w\\\":0.952853262424469},\\\"scale\\\":{\\\"x\\\":7.335953712463379,\\\"y\\\":7.335953712463379,\\\"z\\\":7.335953712463379},\\\"configItems\\\":[]}\"]}"
        },
        {
            "prefabID": "CheckPoint",
            "position": {
                "x": 2.937990188598633,
                "y": 2.5247802734375,
                "z": 3.285930633544922
            },
            "rotation": {
                "x": 0.0,
                "y": 0.3120586574077606,
                "z": 0.0,
                "w": 0.9500628709793091
            },
            "scale": {
                "x": 7.335953712463379,
                "y": 7.335953712463379,
                "z": 7.335953712463379
            },
            "objectName": "CheckPoint(Clone)",
            "customData": "{\"keys\":[\"TransformSavable\"],\"jsonValues\":[\"{\\\"position\\\":{\\\"x\\\":-9.292142868041993,\\\"y\\\":207.6756134033203,\\\"z\\\":-49.98145294189453},\\\"rotation\\\":{\\\"x\\\":0.0,\\\"y\\\":0.3120586574077606,\\\"z\\\":0.0,\\\"w\\\":0.9500628709793091},\\\"scale\\\":{\\\"x\\\":7.335953712463379,\\\"y\\\":7.335953712463379,\\\"z\\\":7.335953712463379},\\\"configItems\\\":[]}\"]}"
        },
        {
            "prefabID": "Plane",
            "position": {
                "x": 4.697911739349365,
                "y": -11.288406372070313,
                "z": -4.978908538818359
            },
            "rotation": {
                "x": 0.0,
                "y": 0.26772448420524599,
                "z": 0.0,
                "w": 0.9634955525398254
            },
            "scale": {
                "x": 11.834198951721192,
                "y": 0.7623540759086609,
                "z": 11.79063892364502
            },
            "objectName": "Plane(Clone)",
            "customData": "{\"keys\":[\"TransformSavable\"],\"jsonValues\":[\"{\\\"position\\\":{\\\"x\\\":-7.53222131729126,\\\"y\\\":193.8624267578125,\\\"z\\\":-58.24629211425781},\\\"rotation\\\":{\\\"x\\\":0.0,\\\"y\\\":0.26772448420524599,\\\"z\\\":0.0,\\\"w\\\":0.9634955525398254},\\\"scale\\\":{\\\"x\\\":11.834198951721192,\\\"y\\\":0.7623540759086609,\\\"z\\\":11.79063892364502},\\\"configItems\\\":[]}\"]}"
        },
        {
            "prefabID": "BounceCube",
            "position": {
                "x": 20.702442169189454,
                "y": 11.331527709960938,
                "z": -14.408031463623047
            },
            "rotation": {
                "x": 0.14299502968788148,
                "y": 0.12894465029239655,
                "z": 0.7029263973236084,
                "w": 0.6847044825553894
            },
            "scale": {
                "x": 54.46638488769531,
                "y": 5.165628433227539,
                "z": 22.95450210571289
            },
            "objectName": "BounceCube(Clone)(Clone)",
            "customData": "{\"keys\":[\"TransformSavable\"],\"jsonValues\":[\"{\\\"position\\\":{\\\"x\\\":8.472310066223145,\\\"y\\\":216.48236083984376,\\\"z\\\":-67.6754150390625},\\\"rotation\\\":{\\\"x\\\":0.14299502968788148,\\\"y\\\":0.12894465029239655,\\\"z\\\":0.7029263973236084,\\\"w\\\":0.6847044825553894},\\\"scale\\\":{\\\"x\\\":54.46638488769531,\\\"y\\\":5.165628433227539,\\\"z\\\":22.95450210571289},\\\"configItems\\\":[{\\\"name\\\":\\\"bounceForceMultiplier\\\",\\\"value\\\":\\\"30\\\",\\\"type\\\":1}]}\"]}"
        }
    ]
}