{
    "saveTime": "2025-11-21 10:52:07",
    "saveName": "222",
    "objectCount": 5,
    "centerPosition": {
        "x": 18.807174682617189,
        "y": 229.2307891845703,
        "z": 54.98836135864258
    },
    "objects": [
        {
            "prefabID": "Plane",
            "position": {
                "x": -13.803194999694825,
                "y": -17.96875,
                "z": -5.451580047607422
            },
            "rotation": {
                "x": 0.0,
                "y": 0.33354732394218447,
                "z": 0.0,
                "w": 0.9427334070205689
            },
            "scale": {
                "x": 11.834198951721192,
                "y": 0.7623540759086609,
                "z": 11.79063892364502
            },
            "objectName": "Plane(Clone)(Clone)(Clone)(Clone)(Clone)",
            "customData": "{\"keys\":[\"TransformSavable\"],\"jsonValues\":[\"{\\\"position\\\":{\\\"x\\\":5.003979682922363,\\\"y\\\":211.2620391845703,\\\"z\\\":49.536781311035159},\\\"rotation\\\":{\\\"x\\\":0.0,\\\"y\\\":0.33354732394218447,\\\"z\\\":0.0,\\\"w\\\":0.9427334070205689},\\\"scale\\\":{\\\"x\\\":11.834198951721192,\\\"y\\\":0.7623540759086609,\\\"z\\\":11.79063892364502},\\\"configItems\\\":[]}\"]}"
        },
        {
            "prefabID": "Plane",
            "position": {
                "x": -4.976055145263672,
                "y": -10.806564331054688,
                "z": -2.8496742248535158
            },
            "rotation": {
                "x": 0.0,
                "y": 0.26569586992263796,
                "z": 0.0,
                "w": 0.9640569090843201
            },
            "scale": {
                "x": 11.834198951721192,
                "y": 0.7623540759086609,
                "z": 11.79063892364502
            },
            "objectName": "Plane(Clone)(Clone)(Clone)(Clone)",
            "customData": "{\"keys\":[\"TransformSavable\"],\"jsonValues\":[\"{\\\"position\\\":{\\\"x\\\":13.831119537353516,\\\"y\\\":218.42422485351563,\\\"z\\\":52.13868713378906},\\\"rotation\\\":{\\\"x\\\":0.0,\\\"y\\\":0.26569586992263796,\\\"z\\\":0.0,\\\"w\\\":0.9640569090843201},\\\"scale\\\":{\\\"x\\\":11.834198951721192,\\\"y\\\":0.7623540759086609,\\\"z\\\":11.79063892364502},\\\"configItems\\\":[]}\"]}"
        },
        {
            "prefabID": "Plane",
            "position": {
                "x": 1.2788982391357422,
                "y": -0.7918701171875,
                "z": 0.5444183349609375
            },
            "rotation": {
                "x": 0.0,
                "y": 0.2256026566028595,
                "z": 0.0,
                "w": 0.9742193818092346
            },
            "scale": {
                "x": 11.834198951721192,
                "y": 0.7623540759086609,
                "z": 11.79063892364502
            },
            "objectName": "Plane(Clone)(Clone)(Clone)",
            "customData": "{\"keys\":[\"TransformSavable\"],\"jsonValues\":[\"{\\\"position\\\":{\\\"x\\\":20.08607292175293,\\\"y\\\":228.4389190673828,\\\"z\\\":55.532779693603519},\\\"rotation\\\":{\\\"x\\\":0.0,\\\"y\\\":0.2256026566028595,\\\"z\\\":0.0,\\\"w\\\":0.9742193818092346},\\\"scale\\\":{\\\"x\\\":11.834198951721192,\\\"y\\\":0.7623540759086609,\\\"z\\\":11.79063892364502},\\\"configItems\\\":[]}\"]}"
        },
        {
            "prefabID": "Plane",
            "position": {
                "x": 4.828166961669922,
                "y": 9.841064453125,
                "z": 3.784881591796875
            },
            "rotation": {
                "x": 0.0,
                "y": 0.24067263305187226,
                "z": 0.0,
                "w": 0.9706063866615295
            },
            "scale": {
                "x": 11.834198951721192,
                "y": 0.7623540759086609,
                "z": 11.79063892364502
            },
            "objectName": "Plane(Clone)(Clone)",
            "customData": "{\"keys\":[\"TransformSavable\"],\"jsonValues\":[\"{\\\"position\\\":{\\\"x\\\":23.63534164428711,\\\"y\\\":239.0718536376953,\\\"z\\\":58.77324295043945},\\\"rotation\\\":{\\\"x\\\":0.0,\\\"y\\\":0.24067263305187226,\\\"z\\\":0.0,\\\"w\\\":0.9706063866615295},\\\"scale\\\":{\\\"x\\\":11.834198951721192,\\\"y\\\":0.7623540759086609,\\\"z\\\":11.79063892364502},\\\"configItems\\\":[]}\"]}"
        },
        {
            "prefabID": "Plane",
            "position": {
                "x": 12.67218017578125,
                "y": 19.726165771484376,
                "z": 3.9719467163085939
            },
            "rotation": {
                "x": 0.0,
                "y": 0.22037437558174134,
                "z": 0.0,
                "w": 0.9754154086112976
            },
            "scale": {
                "x": 11.834198951721192,
                "y": 0.7623540759086609,
                "z": 11.79063892364502
            },
            "objectName": "Plane(Clone)",
            "customData": "{\"keys\":[\"TransformSavable\"],\"jsonValues\":[\"{\\\"position\\\":{\\\"x\\\":31.479354858398439,\\\"y\\\":248.9569549560547,\\\"z\\\":58.96030807495117},\\\"rotation\\\":{\\\"x\\\":0.0,\\\"y\\\":0.22037437558174134,\\\"z\\\":0.0,\\\"w\\\":0.9754154086112976},\\\"scale\\\":{\\\"x\\\":11.834198951721192,\\\"y\\\":0.7623540759086609,\\\"z\\\":11.79063892364502},\\\"configItems\\\":[]}\"]}"
        }
    ]
}