{
    "saveTime": "2025-11-21 17:05:19",
    "saveName": "44",
    "objectCount": 3,
    "centerPosition": {
        "x": 103.81707763671875,
        "y": 250.4132080078125,
        "z": 183.3161163330078
    },
    "objects": [
        {
            "prefabID": "BounceCube",
            "position": {
                "x": -16.876998901367189,
                "y": 15.167144775390625,
                "z": 0.40496826171875
            },
            "rotation": {
                "x": 0.2360410988330841,
                "y": 0.05290038511157036,
                "z": 0.6854078769683838,
                "w": 0.6868058443069458
            },
            "scale": {
                "x": 54.46638488769531,
                "y": 5.165628433227539,
                "z": 22.95450210571289
            },
            "objectName": "BounceCube(Clone)(Clone)",
            "customData": "{\"keys\":[\"TransformSavable\"],\"jsonValues\":[\"{\\\"position\\\":{\\\"x\\\":86.94007873535156,\\\"y\\\":265.5803527832031,\\\"z\\\":183.72108459472657},\\\"rotation\\\":{\\\"x\\\":0.2360410988330841,\\\"y\\\":0.05290038511157036,\\\"z\\\":0.6854078769683838,\\\"w\\\":0.6868058443069458},\\\"scale\\\":{\\\"x\\\":54.46638488769531,\\\"y\\\":5.165628433227539,\\\"z\\\":22.95450210571289},\\\"configItems\\\":[{\\\"name\\\":\\\"bounceForceMultiplier\\\",\\\"value\\\":\\\"30\\\",\\\"type\\\":1}]}\"]}"
        },
        {
            "prefabID": "BounceCube",
            "position": {
                "x": 20.050674438476564,
                "y": 2.4774627685546877,
                "z": -2.0454864501953127
            },
            "rotation": {
                "x": 0.21348382532596589,
                "y": -0.013366351835429669,
                "z": 0.4545498490333557,
                "w": 0.8646562695503235
            },
            "scale": {
                "x": 54.46638488769531,
                "y": 5.165628433227539,
                "z": 22.95450210571289
            },
            "objectName": "BounceCube(Clone)",
            "customData": "{\"keys\":[\"TransformSavable\"],\"jsonValues\":[\"{\\\"position\\\":{\\\"x\\\":123.86775207519531,\\\"y\\\":252.8906707763672,\\\"z\\\":181.2706298828125},\\\"rotation\\\":{\\\"x\\\":0.21348382532596589,\\\"y\\\":-0.013366351835429669,\\\"z\\\":0.4545498490333557,\\\"w\\\":0.8646562695503235},\\\"scale\\\":{\\\"x\\\":54.46638488769531,\\\"y\\\":5.165628433227539,\\\"z\\\":22.95450210571289},\\\"configItems\\\":[{\\\"name\\\":\\\"bounceForceMultiplier\\\",\\\"value\\\":\\\"30\\\",\\\"type\\\":1}]}\"]}"
        },
        {
            "prefabID": "Enemy",
            "position": {
                "x": -3.1736602783203127,
                "y": -17.644561767578126,
                "z": 1.64056396484375
            },
            "rotation": {
                "x": 0.0,
                "y": -0.04944522678852081,
                "z": 0.0,
                "w": 0.9987768530845642
            },
            "scale": {
                "x": 1.0,
                "y": 1.0,
                "z": 1.0
            },
            "objectName": "Enemy(Clone)",
            "customData": "{\"keys\":[\"EnemySavable\"],\"jsonValues\":[\"{\\\"checkBoxPosition\\\":{\\\"x\\\":95.93696594238281,\\\"y\\\":235.66864013671876,\\\"z\\\":210.02249145507813},\\\"checkBoxRotation\\\":{\\\"x\\\":0.0,\\\"y\\\":-0.04944522678852081,\\\"z\\\":0.0,\\\"w\\\":0.9987768530845642},\\\"checkBoxScale\\\":{\\\"x\\\":12.67297077178955,\\\"y\\\":7.723999977111816,\\\"z\\\":14.78380012512207},\\\"configItems\\\":[{\\\"name\\\":\\\"health\\\",\\\"value\\\":\\\"1\\\",\\\"type\\\":0},{\\\"name\\\":\\\"lateTime\\\",\\\"value\\\":\\\"1\\\",\\\"type\\\":1},{\\\"name\\\":\\\"IntervalTime\\\",\\\"value\\\":\\\"3\\\",\\\"type\\\":1}]}\"]}"
        }
    ]
}