{
    "saveTime": "2025-11-21 15:01:49",
    "saveName": "未命名存档",
    "objectCount": 4,
    "centerPosition": {
        "x": -13.024470329284668,
        "y": 203.6974639892578,
        "z": 12.567167282104493
    },
    "objects": [
        {
            "prefabID": "Wall",
            "position": {
                "x": -4.597748756408691,
                "y": 1.364593505859375,
                "z": -6.983377456665039
            },
            "rotation": {
                "x": 0.0,
                "y": 0.6898224949836731,
                "z": 0.0,
                "w": 0.723978579044342
            },
            "scale": {
                "x": 22.705984115600587,
                "y": 8.346179008483887,
                "z": 1.0
            },
            "objectName": "Wall(Clone)(Clone)(Clone)",
            "customData": "{\"keys\":[\"TransformSavable\"],\"jsonValues\":[\"{\\\"position\\\":{\\\"x\\\":-17.62221908569336,\\\"y\\\":205.0620574951172,\\\"z\\\":5.583789825439453},\\\"rotation\\\":{\\\"x\\\":0.0,\\\"y\\\":0.6898224949836731,\\\"z\\\":0.0,\\\"w\\\":0.723978579044342},\\\"scale\\\":{\\\"x\\\":22.705984115600587,\\\"y\\\":8.346179008483887,\\\"z\\\":1.0},\\\"configItems\\\":[]}\"]}"
        },
        {
            "prefabID": "Wall",
            "position": {
                "x": 5.401381015777588,
                "y": 1.6256561279296876,
                "z": -0.5937118530273438
            },
            "rotation": {
                "x": 0.0,
                "y": 0.4549810588359833,
                "z": 0.0,
                "w": 0.8905011415481567
            },
            "scale": {
                "x": 22.705984115600587,
                "y": 8.346179008483887,
                "z": 1.0
            },
            "objectName": "Wall(Clone)(Clone)",
            "customData": "{\"keys\":[\"TransformSavable\"],\"jsonValues\":[\"{\\\"position\\\":{\\\"x\\\":-7.62308931350708,\\\"y\\\":205.3231201171875,\\\"z\\\":11.973455429077149},\\\"rotation\\\":{\\\"x\\\":0.0,\\\"y\\\":0.4549810588359833,\\\"z\\\":0.0,\\\"w\\\":0.8905011415481567},\\\"scale\\\":{\\\"x\\\":22.705984115600587,\\\"y\\\":8.346179008483887,\\\"z\\\":1.0},\\\"configItems\\\":[]}\"]}"
        },
        {
            "prefabID": "Wall",
            "position": {
                "x": 16.66254425048828,
                "y": -2.0465545654296877,
                "z": 5.969247817993164
            },
            "rotation": {
                "x": 0.0,
                "y": 0.22303274273872376,
                "z": 0.0,
                "w": 0.9748109579086304
            },
            "scale": {
                "x": 22.705984115600587,
                "y": 8.346179008483887,
                "z": 1.0
            },
            "objectName": "Wall(Clone)",
            "customData": "{\"keys\":[\"TransformSavable\"],\"jsonValues\":[\"{\\\"position\\\":{\\\"x\\\":3.6380743980407717,\\\"y\\\":201.65090942382813,\\\"z\\\":18.536415100097658},\\\"rotation\\\":{\\\"x\\\":0.0,\\\"y\\\":0.22303274273872376,\\\"z\\\":0.0,\\\"w\\\":0.9748109579086304},\\\"scale\\\":{\\\"x\\\":22.705984115600587,\\\"y\\\":8.346179008483887,\\\"z\\\":1.0},\\\"configItems\\\":[]}\"]}"
        },
        {
            "prefabID": "Wall",
            "position": {
                "x": -17.46617889404297,
                "y": -0.943756103515625,
                "z": 1.607844352722168
            },
            "rotation": {
                "x": 0.0,
                "y": 0.9202246069908142,
                "z": 0.0,
                "w": 0.3913908004760742
            },
            "scale": {
                "x": 22.705984115600587,
                "y": 8.346179008483887,
                "z": 1.0
            },
            "objectName": "Wall(Clone)(Clone)(Clone)(Clone)",
            "customData": "{\"keys\":[\"TransformSavable\"],\"jsonValues\":[\"{\\\"position\\\":{\\\"x\\\":-30.49064826965332,\\\"y\\\":202.7537078857422,\\\"z\\\":14.17501163482666},\\\"rotation\\\":{\\\"x\\\":0.0,\\\"y\\\":0.9202246069908142,\\\"z\\\":0.0,\\\"w\\\":0.3913908004760742},\\\"scale\\\":{\\\"x\\\":22.705984115600587,\\\"y\\\":8.346179008483887,\\\"z\\\":1.0},\\\"configItems\\\":[]}\"]}"
        }
    ]
}