{
    "saveTime": "2025-11-21 15:05:20",
    "saveName": "Yuui",
    "objectCount": 4,
    "centerPosition": {
        "x": 3.5796995162963869,
        "y": 191.3679962158203,
        "z": -49.5997428894043
    },
    "objects": [
        {
            "prefabID": "DeathTrigger",
            "position": {
                "x": 0.14871788024902345,
                "y": -11.699905395507813,
                "z": 0.21462249755859376
            },
            "rotation": {
                "x": 0.0,
                "y": 0.3598095774650574,
                "z": 0.0,
                "w": 0.9330257773399353
            },
            "scale": {
                "x": 6.458899974822998,
                "y": 3.7547523975372316,
                "z": 6.458899974822998
            },
            "objectName": "DeathTrigger(Clone)(Clone)(Clone)(Clone)",
            "customData": "{\"keys\":[\"TransformSavable\"],\"jsonValues\":[\"{\\\"position\\\":{\\\"x\\\":3.72841739654541,\\\"y\\\":179.6680908203125,\\\"z\\\":-49.3851203918457},\\\"rotation\\\":{\\\"x\\\":0.0,\\\"y\\\":0.3598095774650574,\\\"z\\\":0.0,\\\"w\\\":0.9330257773399353},\\\"scale\\\":{\\\"x\\\":6.458899974822998,\\\"y\\\":3.7547523975372316,\\\"z\\\":6.458899974822998},\\\"configItems\\\":[]}\"]}"
        },
        {
            "prefabID": "DeathTrigger",
            "position": {
                "x": -0.06569766998291016,
                "y": -3.2207183837890627,
                "z": -0.4290199279785156
            },
            "rotation": {
                "x": 0.0,
                "y": 0.3609725832939148,
                "z": 0.0,
                "w": 0.9325764775276184
            },
            "scale": {
                "x": 6.458899974822998,
                "y": 3.7547523975372316,
                "z": 6.458899974822998
            },
            "objectName": "DeathTrigger(Clone)(Clone)(Clone)",
            "customData": "{\"keys\":[\"TransformSavable\"],\"jsonValues\":[\"{\\\"position\\\":{\\\"x\\\":3.5140018463134767,\\\"y\\\":188.14727783203126,\\\"z\\\":-50.02876281738281},\\\"rotation\\\":{\\\"x\\\":0.0,\\\"y\\\":0.3609725832939148,\\\"z\\\":0.0,\\\"w\\\":0.9325764775276184},\\\"scale\\\":{\\\"x\\\":6.458899974822998,\\\"y\\\":3.7547523975372316,\\\"z\\\":6.458899974822998},\\\"configItems\\\":[]}\"]}"
        },
        {
            "prefabID": "DeathTrigger",
            "position": {
                "x": 0.3069775104522705,
                "y": 4.3046417236328129,
                "z": 0.16048812866210938
            },
            "rotation": {
                "x": 0.0,
                "y": 0.34772586822509768,
                "z": 0.0,
                "w": 0.937596321105957
            },
            "scale": {
                "x": 6.458899974822998,
                "y": 3.7547523975372316,
                "z": 6.458899974822998
            },
            "objectName": "DeathTrigger(Clone)(Clone)",
            "customData": "{\"keys\":[\"TransformSavable\"],\"jsonValues\":[\"{\\\"position\\\":{\\\"x\\\":3.8866770267486574,\\\"y\\\":195.67263793945313,\\\"z\\\":-49.43925476074219},\\\"rotation\\\":{\\\"x\\\":0.0,\\\"y\\\":0.34772586822509768,\\\"z\\\":0.0,\\\"w\\\":0.937596321105957},\\\"scale\\\":{\\\"x\\\":6.458899974822998,\\\"y\\\":3.7547523975372316,\\\"z\\\":6.458899974822998},\\\"configItems\\\":[]}\"]}"
        },
        {
            "prefabID": "DeathTrigger",
            "position": {
                "x": -0.3899977207183838,
                "y": 10.615951538085938,
                "z": 0.053905487060546878
            },
            "rotation": {
                "x": 0.0,
                "y": 0.349888414144516,
                "z": 0.0,
                "w": 0.9367914199829102
            },
            "scale": {
                "x": 6.458899974822998,
                "y": 3.7547523975372316,
                "z": 6.458899974822998
            },
            "objectName": "DeathTrigger(Clone)",
            "customData": "{\"keys\":[\"TransformSavable\"],\"jsonValues\":[\"{\\\"position\\\":{\\\"x\\\":3.189701795578003,\\\"y\\\":201.98394775390626,\\\"z\\\":-49.54583740234375},\\\"rotation\\\":{\\\"x\\\":0.0,\\\"y\\\":0.349888414144516,\\\"z\\\":0.0,\\\"w\\\":0.9367914199829102},\\\"scale\\\":{\\\"x\\\":6.458899974822998,\\\"y\\\":3.7547523975372316,\\\"z\\\":6.458899974822998},\\\"configItems\\\":[]}\"]}"
        }
    ]
}