{
    "saveTime": "2025-11-21 11:29:50",
    "saveName": "444",
    "objectCount": 4,
    "centerPosition": {
        "x": 79.33799743652344,
        "y": 226.456298828125,
        "z": 27.966224670410158
    },
    "objects": [
        {
            "prefabID": "Wall",
            "position": {
                "x": 2.492095947265625,
                "y": 2.5893707275390627,
                "z": 9.56845474243164
            },
            "rotation": {
                "x": 0.0,
                "y": 0.06490940600633621,
                "z": 0.0,
                "w": 0.9978911876678467
            },
            "scale": {
                "x": 22.705984115600587,
                "y": 8.346179008483887,
                "z": 1.0
            },
            "objectName": "Wall(Clone)",
            "customData": "{\"keys\":[\"TransformSavable\"],\"jsonValues\":[\"{\\\"position\\\":{\\\"x\\\":81.83009338378906,\\\"y\\\":229.04566955566407,\\\"z\\\":37.5346794128418},\\\"rotation\\\":{\\\"x\\\":0.0,\\\"y\\\":0.06490940600633621,\\\"z\\\":0.0,\\\"w\\\":0.9978911876678467},\\\"scale\\\":{\\\"x\\\":22.705984115600587,\\\"y\\\":8.346179008483887,\\\"z\\\":1.0},\\\"configItems\\\":[]}\"]}"
        },
        {
            "prefabID": "CheckPoint",
            "position": {
                "x": 0.834503173828125,
                "y": 1.1641693115234376,
                "z": 5.258399963378906
            },
            "rotation": {
                "x": 0.0,
                "y": 0.04465693607926369,
                "z": 0.0,
                "w": 0.9990023970603943
            },
            "scale": {
                "x": 7.335953712463379,
                "y": 7.335953712463379,
                "z": 7.335953712463379
            },
            "objectName": "CheckPoint(Clone)",
            "customData": "{\"keys\":[\"TransformSavable\"],\"jsonValues\":[\"{\\\"position\\\":{\\\"x\\\":80.17250061035156,\\\"y\\\":227.62046813964845,\\\"z\\\":33.22462463378906},\\\"rotation\\\":{\\\"x\\\":0.0,\\\"y\\\":0.04465693607926369,\\\"z\\\":0.0,\\\"w\\\":0.9990023970603943},\\\"scale\\\":{\\\"x\\\":7.335953712463379,\\\"y\\\":7.335953712463379,\\\"z\\\":7.335953712463379},\\\"configItems\\\":[]}\"]}"
        },
        {
            "prefabID": "CheckPoint",
            "position": {
                "x": -3.4642410278320314,
                "y": -3.6800384521484377,
                "z": -2.888479232788086
            },
            "rotation": {
                "x": 0.0,
                "y": 0.11723194271326065,
                "z": 0.0,
                "w": 0.9931045770645142
            },
            "scale": {
                "x": 7.335953712463379,
                "y": 7.335953712463379,
                "z": 7.335953712463379
            },
            "objectName": "CheckPoint(Clone)",
            "customData": "{\"keys\":[\"TransformSavable\"],\"jsonValues\":[\"{\\\"position\\\":{\\\"x\\\":75.8737564086914,\\\"y\\\":222.77626037597657,\\\"z\\\":25.07774543762207},\\\"rotation\\\":{\\\"x\\\":0.0,\\\"y\\\":0.11723194271326065,\\\"z\\\":0.0,\\\"w\\\":0.9931045770645142},\\\"scale\\\":{\\\"x\\\":7.335953712463379,\\\"y\\\":7.335953712463379,\\\"z\\\":7.335953712463379},\\\"configItems\\\":[]}\"]}"
        },
        {
            "prefabID": "DeathTrigger",
            "position": {
                "x": 0.13763427734375,
                "y": -0.0735015869140625,
                "z": -11.938375473022461
            },
            "rotation": {
                "x": 0.0,
                "y": -0.02021952159702778,
                "z": 0.0,
                "w": 0.9997955560684204
            },
            "scale": {
                "x": 6.458899974822998,
                "y": 3.7547523975372316,
                "z": 6.458899974822998
            },
            "objectName": "DeathTrigger(Clone)",
            "customData": "{\"keys\":[\"TransformSavable\"],\"jsonValues\":[\"{\\\"position\\\":{\\\"x\\\":79.47563171386719,\\\"y\\\":226.38279724121095,\\\"z\\\":16.027849197387697},\\\"rotation\\\":{\\\"x\\\":0.0,\\\"y\\\":-0.02021952159702778,\\\"z\\\":0.0,\\\"w\\\":0.9997955560684204},\\\"scale\\\":{\\\"x\\\":6.458899974822998,\\\"y\\\":3.7547523975372316,\\\"z\\\":6.458899974822998},\\\"configItems\\\":[]}\"]}"
        }
    ]
}