{
    "saveTime": "2025-11-21 10:51:51",
    "saveName": "111",
    "objectCount": 4,
    "centerPosition": {
        "x": -17.8209171295166,
        "y": 218.7562255859375,
        "z": -13.568196296691895
    },
    "objects": [
        {
            "prefabID": "CheckPoint",
            "position": {
                "x": -18.97865867614746,
                "y": 5.5790863037109379,
                "z": 4.268150329589844
            },
            "rotation": {
                "x": 0.0,
                "y": 0.5071520209312439,
                "z": 0.0,
                "w": 0.8618566393852234
            },
            "scale": {
                "x": 7.335953712463379,
                "y": 7.335953712463379,
                "z": 7.335953712463379
            },
            "objectName": "CheckPoint(Clone)(Clone)(Clone)(Clone)",
            "customData": "{\"keys\":[\"TransformSavable\"],\"jsonValues\":[\"{\\\"position\\\":{\\\"x\\\":-36.79957580566406,\\\"y\\\":224.33531188964845,\\\"z\\\":-9.30004596710205},\\\"rotation\\\":{\\\"x\\\":0.0,\\\"y\\\":0.5071520209312439,\\\"z\\\":0.0,\\\"w\\\":0.8618566393852234},\\\"scale\\\":{\\\"x\\\":7.335953712463379,\\\"y\\\":7.335953712463379,\\\"z\\\":7.335953712463379},\\\"configItems\\\":[]}\"]}"
        },
        {
            "prefabID": "CheckPoint",
            "position": {
                "x": -8.182031631469727,
                "y": 4.554779052734375,
                "z": 1.0582170486450196
            },
            "rotation": {
                "x": 0.0,
                "y": 0.44644132256507876,
                "z": 0.0,
                "w": 0.8948128819465637
            },
            "scale": {
                "x": 7.335953712463379,
                "y": 7.335953712463379,
                "z": 7.335953712463379
            },
            "objectName": "CheckPoint(Clone)(Clone)(Clone)",
            "customData": "{\"keys\":[\"TransformSavable\"],\"jsonValues\":[\"{\\\"position\\\":{\\\"x\\\":-26.002948760986329,\\\"y\\\":223.31100463867188,\\\"z\\\":-12.509979248046875},\\\"rotation\\\":{\\\"x\\\":0.0,\\\"y\\\":0.44644132256507876,\\\"z\\\":0.0,\\\"w\\\":0.8948128819465637},\\\"scale\\\":{\\\"x\\\":7.335953712463379,\\\"y\\\":7.335953712463379,\\\"z\\\":7.335953712463379},\\\"configItems\\\":[]}\"]}"
        },
        {
            "prefabID": "CheckPoint",
            "position": {
                "x": 7.020077705383301,
                "y": -0.8167724609375,
                "z": -1.803945541381836
            },
            "rotation": {
                "x": 0.0,
                "y": 0.3657463490962982,
                "z": 0.0,
                "w": 0.9307146072387695
            },
            "scale": {
                "x": 7.335953712463379,
                "y": 7.335953712463379,
                "z": 7.335953712463379
            },
            "objectName": "CheckPoint(Clone)(Clone)",
            "customData": "{\"keys\":[\"TransformSavable\"],\"jsonValues\":[\"{\\\"position\\\":{\\\"x\\\":-10.8008394241333,\\\"y\\\":217.939453125,\\\"z\\\":-15.37214183807373},\\\"rotation\\\":{\\\"x\\\":0.0,\\\"y\\\":0.3657463490962982,\\\"z\\\":0.0,\\\"w\\\":0.9307146072387695},\\\"scale\\\":{\\\"x\\\":7.335953712463379,\\\"y\\\":7.335953712463379,\\\"z\\\":7.335953712463379},\\\"configItems\\\":[]}\"]}"
        },
        {
            "prefabID": "CheckPoint",
            "position": {
                "x": 20.140609741210939,
                "y": -9.317062377929688,
                "z": -3.5224218368530275
            },
            "rotation": {
                "x": 0.0,
                "y": 0.29565584659576418,
                "z": 0.0,
                "w": 0.9552945494651794
            },
            "scale": {
                "x": 7.335953712463379,
                "y": 7.335953712463379,
                "z": 7.335953712463379
            },
            "objectName": "CheckPoint(Clone)",
            "customData": "{\"keys\":[\"TransformSavable\"],\"jsonValues\":[\"{\\\"position\\\":{\\\"x\\\":2.319692850112915,\\\"y\\\":209.4391632080078,\\\"z\\\":-17.090618133544923},\\\"rotation\\\":{\\\"x\\\":0.0,\\\"y\\\":0.29565584659576418,\\\"z\\\":0.0,\\\"w\\\":0.9552945494651794},\\\"scale\\\":{\\\"x\\\":7.335953712463379,\\\"y\\\":7.335953712463379,\\\"z\\\":7.335953712463379},\\\"configItems\\\":[]}\"]}"
        }
    ]
}